Landesindex der Konsumentenpreise,,,,,,,,,LIK10B10,"© Bundesamt für Statistik, Espace de l'Europe 10, CH-2010 Neuchâtel",,,,,,,,,,,,,,,,,,,,,,,,,,,,,,,
Warenkorbstruktur 2010,,,,,,,,,,"Auskunft: LIK@bfs.admin.ch, 032 / 713 69 00",,,,,,,,,,,,,,,,,,,,,,,,,,,,,,,Veränderung
Basis Dezember 2010=100,,,,,,,,,,http://www.statistik.admin.ch,,,,,,,,,,,,,,,,,,,,,,,,,,,,,,,in %
GP Nr.,COICOP,Pos,deutsch,,,,,,Gewicht 2014,1983 ,1984 ,1985 ,1986 ,1987 ,1988 ,1989 ,1990 ,1991 ,1992 ,1993 ,1994 ,1995 ,1996 ,1997 ,1998 ,1999 ,2000 ,2001 ,2002 ,2003 ,2004 ,2005 ,2006 ,2007 ,2008 ,2009 ,2010 ,2011 ,2012 ,2013 ,2013/2012
,,,,,,,,,,,,,,,,,,,,,,,,,,,,,,,,,,,,,,,,,
100,,1,Total,,,,,,100.000,62.6,64.5,66.7,67.2,68.2,69.4,71.6,75.5,79.9,83.2,85.9,86.6,88.2,88.9,89.4,89.4,90.1,91.5,92.4,93.0,93.6,94.3,95.5,96.5,97.2,99.5,99.0,99.7,100.0,99.3,99.1,-0.2
1,'01,2,Nahrungsmittel und alkoholfreie Getränke,,,,,,10.463,73.9,76.7,78.7,79.3,79.9,81.7,82.6,87.1,91.0,91.0,90.8,91.2,91.9,91.4,92.0,92.8,92.6,94.2,96.1,98.3,99.6,100.1,99.4,99.3,99.9,103.0,102.8,101.6,98.3,97.4,98.5,1.2
1001,'01.1,3,Nahrungsmittel,,,,,,9.509,73.0,75.9,77.7,78.2,79.1,81.1,82.1,86.9,90.8,90.8,90.7,91.1,91.4,91.0,91.7,92.4,92.2,93.8,95.8,98.1,99.4,100.0,99.3,99.3,99.8,103.1,102.8,101.6,98.1,97.0,98.4,1.4
1002,'01.1.1,3,,"Brot, Mehl und Nährmittel",,,,,1.556,68.6,71.4,73.6,76.3,76.7,78.0,79.6,84.1,90.6,92.9,93.6,93.9,95.6,95.1,94.6,95.0,95.4,94.0,94.8,95.8,97.5,98.0,98.0,96.9,96.9,101.4,101.9,100.8,98.3,97.0,96.4,-0.6
1003,,4,,,Reis,,,,0.041,99.4,98.9,101.1,100.3,93.5,90.5,90.0,93.7,94.8,93.6,92.0,91.2,91.6,91.6,93.9,96.1,97.9,98.2,98.0,93.9,93.8,98.0,92.6,90.9,89.5,98.3,106.4,103.5,98.4,98.1,100.6,2.5
1008,,4,,,Mehl,,,,0.061,91.8,95.5,96.9,100.8,101.3,101.7,102.3,103.4,109.1,110.4,110.2,109.2,110.4,111.2,106.7,105.9,105.4,101.1,96.6,94.2,96.5,96.7,97.1,97.9,98.9,106.7,105.5,102.0,100.1,97.4,97.6,0.2
1014,,3,,,"Brot, Konditorei- und Dauerbackwaren",,,,1.149,65.1,68.0,70.3,73.1,73.6,75.3,77.1,81.7,88.4,90.8,91.7,92.2,94.1,93.6,93.1,93.3,93.6,91.9,92.6,93.7,95.8,96.4,97.0,96.2,96.4,100.3,100.8,100.3,99.1,98.1,97.8,-0.3
1015,,4,,,,Brot,,,0.460,68.6,72.0,74.3,77.6,77.9,79.1,81.2,87.1,95.3,97.5,98.3,98.9,99.5,98.3,97.1,97.2,97.1,93.5,92.7,93.3,94.4,94.4,95.6,94.9,95.1,100.2,100.4,99.8,99.3,99.1,98.3,-0.8
1027,,4,,,,Kleinbrot und -gebäck,,,0.158,50.6,53.6,55.6,58.4,58.9,60.6,62.3,66.2,72.8,74.8,76.0,76.6,80.5,81.1,81.2,81.5,82.2,82.6,84.4,85.4,88.3,89.5,89.8,90.8,91.6,97.9,99.7,99.8,100.1,99.9,99.4,-0.4
1036,,4,,,,Feingebäck und Konditoreiwaren,,,0.302,58.7,61.0,63.2,65.3,66.0,68.0,69.9,73.7,79.0,81.6,82.2,82.5,85.8,86.1,86.3,86.7,87.7,87.9,90.0,92.2,94.8,95.8,97.3,97.7,97.8,101.2,102.1,100.9,99.9,99.9,99.5,-0.4
1048,,4,,,,Dauerbackwaren,,,0.229,86.2,88.8,91.7,94.0,95.2,96.1,96.7,99.0,103.1,105.9,107.1,107.5,108.1,107.8,107.0,107.2,107.2,104.9,105.8,105.8,108.1,108.2,106.3,101.1,100.8,101.4,100.7,100.7,97.1,93.0,93.6,0.6
1058,,4,,,Teigwaren,,,,0.133,89.9,89.2,90.7,91.6,89.6,87.2,86.7,91.7,96.5,98.5,97.4,96.5,97.4,97.2,97.0,99.9,101.6,103.1,107.1,110.3,107.9,108.2,103.9,99.0,98.8,105.6,107.7,103.2,94.8,92.2,90.5,-1.8
1065,,4,,,Andere Getreideprodukte,,,,0.172,79.3,81.0,83.1,86.0,86.7,87.2,87.8,91.4,97.0,99.1,99.2,98.7,99.1,98.1,98.2,98.9,99.4,99.5,99.5,101.5,103.3,102.3,101.3,101.0,100.4,103.8,102.0,100.9,95.1,92.7,90.8,-2.0
1074,'01.1.2,3,,"Fleisch, Fleischwaren",,,,,2.389,66.6,71.5,72.5,71.6,72.1,75.4,75.5,80.2,83.7,81.0,81.7,83.5,81.9,82.1,84.1,84.7,84.0,90.1,93.0,95.7,97.1,99.4,98.5,97.3,98.1,101.9,102.6,100.6,97.7,97.0,99.1,2.1
1075,,3,,,"Fleisch, frisch oder tiefgekühlt",,,,1.469,69.1,75.1,75.2,73.9,74.7,78.5,78.4,83.4,85.3,81.4,82.7,84.4,81.0,81.2,83.4,83.3,82.6,89.2,90.3,93.9,95.8,97.7,96.6,97.7,99.4,103.7,103.0,101.0,99.3,99.5,101.9,2.5
1076,,4,,,,Rindfleisch,,,0.389,65.2,68.1,68.9,67.9,68.4,74.5,77.2,78.1,78.2,76.6,79.4,82.4,78.9,72.1,72.2,73.5,75.6,84.2,80.8,85.1,88.5,93.2,92.1,94.6,96.1,101.0,100.1,99.3,98.5,99.7,102.7,3.0
1088,,4,,,,Kalbfleisch,,,0.141,55.7,59.0,60.4,62.7,63.0,67.2,69.1,72.7,73.6,68.6,72.9,74.7,71.5,69.2,70.1,72.5,71.4,80.0,79.3,83.4,83.8,86.9,87.1,92.4,94.3,100.2,101.1,98.3,96.3,97.4,100.6,3.2
1097,,4,,,,Schweinefleisch,,,0.321,75.9,87.6,86.0,82.4,84.0,87.2,83.3,93.5,96.7,88.8,88.7,89.9,82.5,93.2,100.6,95.9,91.0,99.4,104.1,106.4,109.6,110.0,105.6,104.5,105.8,112.9,109.5,104.4,101.0,100.5,106.4,5.8
1107,,4,,,,Schaffleisch,,,0.080,54.4,55.9,57.3,58.9,60.0,62.1,64.9,67.1,68.7,68.5,69.2,70.2,71.2,70.9,72.2,73.6,74.5,75.1,77.8,81.8,83.4,84.1,85.8,89.2,91.2,96.0,98.5,99.8,100.5,101.0,102.8,1.7
1115,,4,,,,Geflügel,,,0.360,80.6,82.1,83.7,84.5,83.8,82.2,81.9,85.8,91.1,93.4,93.0,92.7,93.2,94.3,96.3,97.9,97.9,98.8,100.7,104.0,105.4,104.9,105.1,103.5,105.1,104.0,103.4,102.2,99.7,98.5,98.3,-0.2
1133,,4,,,,Anderes Fleisch,,,0.178,72.7,74.7,76.5,77.3,77.6,78.3,79.9,81.9,83.8,83.8,84.3,84.9,86.0,82.0,78.6,80.8,81.7,84.2,88.0,90.5,90.3,93.0,92.5,93.6,96.0,100.4,101.6,98.8,99.7,100.6,101.0,0.4
1144,,3,,,Fleisch- und Wurstwaren,,,,0.920,62.0,64.7,67.4,67.2,67.3,69.4,70.2,74.2,80.7,80.1,79.8,81.7,83.0,83.2,84.9,86.5,86.0,91.1,96.5,98.0,98.8,101.8,101.0,96.6,96.3,99.5,101.9,100.0,95.4,93.3,94.7,1.5
1145,,4,,,,Wurstwaren,,,0.472,60.7,62.7,65.1,65.0,64.9,66.2,67.6,70.8,75.7,76.7,76.5,76.8,78.5,78.0,79.0,81.0,81.8,86.4,92.2,93.6,93.9,96.7,96.7,92.4,92.8,96.1,99.8,99.7,95.1,92.4,93.6,1.3
1170,,4,,,,Fleischwaren und zubereitetes Fleisch,,,0.448,61.5,66.2,70.0,68.9,70.1,74.6,73.2,79.4,91.0,85.2,84.2,88.0,88.8,89.9,92.3,93.5,91.6,97.1,101.9,103.6,104.9,108.1,106.4,101.8,100.7,103.8,104.6,100.4,95.8,94.3,96.0,1.8
1179,'01.1.3,3,,Fisch und Fischwaren,,,,,0.344,64.5,65.4,67.8,71.4,72.9,74.0,75.7,79.6,82.3,85.8,84.9,84.8,84.9,84.2,86.0,89.9,92.4,94.7,99.0,102.7,102.8,102.8,102.9,103.7,106.2,108.6,106.2,103.3,99.0,96.3,96.2,-0.1
1180,,4,,,"Fische, frisch",,,,0.169,51.4,52.9,56.1,59.3,61.4,63.4,66.1,69.0,71.2,73.8,72.9,73.6,74.3,73.6,75.8,79.6,81.6,84.6,90.5,94.0,94.0,94.0,96.5,98.8,104.4,108.9,105.3,103.3,97.6,93.7,93.5,-0.2
1187,,4,,,"Fische, tiefgekühlt",,,,0.077,68.1,68.9,69.8,76.6,81.0,82.2,81.5,86.6,92.4,98.9,96.5,93.8,92.3,92.5,93.0,95.5,99.1,101.4,104.3,107.9,107.2,107.8,105.9,107.2,102.7,104.3,104.8,103.2,96.6,93.2,92.1,-1.2
1192,,4,,,Fischkonserven und geräucherter Fisch,,,,0.098,99.6,99.0,102.2,102.5,98.6,97.2,100.2,105.2,105.2,107.1,108.3,108.6,108.5,106.9,108.5,114.1,116.9,116.6,117.7,122.1,123.3,122.6,118.4,114.4,114.3,111.8,110.0,103.4,104.5,105.1,106.1,0.9
1198,'01.1.4,3,,"Milch, Käse, Eier",,,,,1.633,86.0,88.2,88.6,90.8,93.1,96.7,97.8,104.6,107.9,109.9,109.1,107.0,108.0,105.2,104.2,104.2,101.9,99.7,101.0,101.9,101.4,102.1,101.0,100.1,99.8,103.3,102.6,101.2,99.1,97.0,97.6,0.7
1199,,3,,,Milch,,,,0.280,96.6,98.3,98.3,101.3,104.3,109.7,110.5,119.2,120.8,123.1,121.2,116.9,117.6,112.5,110.6,110.6,106.2,103.5,104.8,104.6,103.4,103.3,101.5,100.7,101.2,106.5,103.5,101.6,101.7,101.1,102.9,1.8
1200,,4,,,,Vollmilch,,,0.139,101.4,103.2,103.2,106.6,110.0,115.7,116.4,123.5,124.7,127.1,124.7,119.9,121.0,115.7,113.5,113.3,108.6,105.9,107.2,106.6,105.5,105.4,103.0,102.2,103.2,109.1,104.5,101.6,103.7,103.5,104.9,1.3
1207,,4,,,,Andere Milch,,,0.141,90.4,92.1,92.0,94.4,97.1,102.0,102.7,114.3,116.7,118.8,117.3,113.6,114.0,109.0,107.3,107.5,103.5,100.6,102.0,102.5,101.2,101.0,100.0,99.2,99.0,103.6,102.5,101.6,99.7,98.5,100.8,2.3
1212,,3,,,Käse,,,,0.745,78.6,80.7,81.9,84.0,85.6,88.0,89.9,94.4,98.4,100.4,100.7,100.5,101.8,100.9,100.5,100.7,100.1,98.4,99.7,101.2,101.5,102.2,101.6,100.7,100.3,103.0,102.9,101.4,99.4,96.4,96.7,0.3
1218,,4,,,,Halbhart- und Hartkäse,,,0.459,76.0,78.1,79.2,81.3,83.0,85.5,87.1,91.5,95.5,97.5,97.9,97.8,99.4,98.5,98.0,98.4,97.7,95.6,97.0,98.4,98.8,99.8,99.4,98.5,98.6,102.0,102.9,101.9,99.7,96.8,97.6,0.8
1230,,4,,,,"Frisch-, Weich- und Schmelzkäse",,,0.286,83.1,85.0,86.6,88.6,89.7,91.7,94.3,98.8,102.7,104.5,104.7,104.2,104.6,103.8,103.9,103.3,102.9,102.3,103.7,105.3,105.4,105.7,104.7,103.8,102.7,104.3,102.6,100.5,98.9,95.7,95.2,-0.6
1246,,4,,,Andere Milcherzeugnisse,,,,0.327,79.9,80.6,80.6,82.9,85.6,88.9,89.2,99.5,104.3,106.5,105.7,104.2,104.7,102.3,101.3,101.1,98.5,96.2,97.6,98.4,98.2,98.8,97.9,97.2,97.4,101.8,101.9,100.7,98.2,96.4,96.7,0.3
1265,,4,,,Rahm,,,,0.122,125.6,128.5,128.7,132.1,135.9,142.8,143.6,147.1,147.0,147.1,143.3,135.3,135.9,127.5,125.0,124.9,118.9,113.5,113.7,113.9,110.2,111.7,110.2,107.1,103.1,105.7,101.9,99.6,95.0,92.9,93.8,1.0
1278,,4,,,Eier,,,,0.159,71.1,76.0,75.5,75.3,76.7,78.9,79.0,86.6,91.5,93.2,93.5,93.4,94.6,94.5,94.7,94.1,94.1,93.8,96.3,97.2,96.2,97.7,96.1,95.3,96.0,99.9,101.5,101.5,98.1,97.2,98.3,1.1
1284,'01.1.5,3,,Speisefette und -öle,,,,,0.245,92.1,96.8,99.0,99.5,100.1,103.5,104.6,103.3,101.4,101.4,100.2,97.1,92.8,92.9,93.3,94.2,94.2,94.0,95.8,97.5,97.3,97.4,96.1,96.8,96.3,101.8,103.1,102.1,101.2,101.6,102.5,0.9
1285,,4,,,Butter,,,,0.128,89.4,92.8,93.7,96.7,100.2,106.3,107.0,103.1,99.7,98.5,96.8,92.9,90.8,90.6,90.9,91.0,91.0,91.5,95.5,97.8,97.6,95.9,93.0,92.4,91.3,98.8,101.0,100.1,99.2,99.9,100.7,0.9
1293,,4,,,"Margarine, Speisefette und -öle",,,,0.117,95.5,102.5,107.4,102.9,97.6,95.6,97.5,101.4,102.7,105.0,104.6,102.5,95.0,95.7,96.1,98.2,98.4,97.1,96.0,96.9,96.7,98.7,99.0,101.1,101.2,104.8,105.2,104.1,103.2,103.2,104.3,1.0
1305,,3,,"Früchte, Gemüse, Kartoffeln und Pilze",,,,,2.008,71.5,73.1,76.8,75.5,76.4,76.5,77.9,83.5,88.5,87.2,85.9,87.1,88.6,89.4,90.3,91.5,92.5,93.1,96.0,100.2,102.4,101.0,100.7,105.2,106.6,108.3,105.5,105.1,97.1,97.2,101.6,4.5
1306,'01.1.6,3,,,Früchte,,,,0.872,67.8,70.7,73.3,72.6,71.6,73.3,74.2,79.9,85.4,85.2,81.9,85.3,87.2,88.6,89.5,93.6,91.6,92.6,96.4,101.1,102.9,103.4,100.0,105.5,106.3,110.5,108.2,105.2,98.1,98.5,102.4,3.9
1307,,3,,,,Frische Früchte,,,0.711,66.7,69.6,72.2,71.6,70.8,72.7,73.6,79.5,85.3,84.7,81.0,84.7,86.9,88.5,89.5,93.6,91.2,92.2,97.0,102.5,104.5,104.8,100.6,107.2,108.4,113.5,110.3,106.6,98.0,99.4,104.3,4.9
1308,,4,,,,,Zitrusfrüchte,,0.106,...,...,...,...,...,...,...,...,...,...,97.7,96.6,98.4,104.6,107.0,102.6,107.1,104.1,109.9,112.9,113.5,114.6,113.0,118.1,121.1,129.0,116.1,120.6,112.2,122.1,129.6,6.2
1316,,4,,,,,Steinobst,,0.132,...,...,...,...,...,...,...,...,...,...,76.7,74.8,78.8,80.5,80.9,91.9,85.3,81.2,93.6,98.3,103.4,105.7,99.3,107.5,114.8,119.1,114.3,103.3,94.9,94.9,105.3,10.9
1325,,4,,,,,Kernobst,,0.156,...,...,...,...,...,...,...,...,...,...,78.5,85.8,87.6,86.8,84.1,88.9,84.0,91.1,91.8,99.6,98.1,101.7,95.1,99.4,95.6,99.3,104.3,99.1,93.7,92.5,100.9,9.0
1333,,4,,,,,Bananen,,0.069,...,...,...,...,...,...,...,...,...,...,83.5,90.5,92.9,92.5,96.8,101.5,101.0,98.4,101.3,109.8,111.4,106.3,106.4,108.2,109.5,108.6,105.7,107.9,104.7,104.8,106.0,1.1
1338,,4,,,,,Andere Früchte,,0.248,...,...,...,...,...,...,...,...,...,...,81.4,80.6,82.7,85.2,88.9,93.9,91.6,91.0,95.2,99.6,103.8,102.1,97.8,108.7,110.1,117.1,111.6,106.2,93.4,93.8,95.4,1.8
1347,,4,,,,Konservierte Früchte,,,0.161,79.4,80.5,82.5,81.0,78.4,77.2,78.1,80.9,83.4,87.0,88.9,90.0,90.1,89.6,89.7,93.7,94.9,95.8,95.5,96.8,97.5,98.7,98.9,100.0,99.4,99.7,101.0,100.6,98.3,95.0,94.8,-0.2
1359,'01.1.7,3,,,"Gemüse, Kartoffeln und Pilze",,,,1.136,74.1,74.6,79.4,77.5,80.3,78.8,80.6,86.0,90.5,88.3,89.0,88.4,89.5,89.7,90.6,89.4,93.0,93.4,95.6,99.6,101.8,99.1,101.0,104.8,106.9,106.8,103.5,105.0,96.5,96.2,101.0,5.0
1360,,3,,,,"Frisches Gemüse, Kartoffeln und Pilze",,,0.918,70.8,71.1,76.4,74.3,77.5,75.9,77.7,83.3,87.9,85.2,86.0,85.6,87.0,87.3,88.4,87.1,91.3,91.2,94.1,99.3,101.8,97.8,100.6,105.8,108.3,108.0,103.9,106.2,96.4,96.7,102.6,6.1
1361,,4,,,,,Fruchtgemüse,,0.231,76.5,77.9,81.1,79.5,83.8,81.8,87.1,98.9,97.5,94.6,92.4,89.0,91.8,93.4,96.1,94.1,95.2,99.4,98.6,108.1,107.4,100.9,105.8,105.3,112.6,112.9,107.6,110.7,95.7,97.2,104.1,7.1
1369,,4,,,,,Wurzelgemüse,,0.173,62.6,60.5,68.6,67.7,70.1,69.8,67.4,74.8,75.1,76.9,78.2,85.3,83.9,78.8,80.2,83.1,87.7,85.7,91.4,99.9,105.6,103.2,102.2,112.3,113.7,114.0,105.1,107.5,102.1,97.9,107.4,9.8
1379,,4,,,,,Salatgemüse,,0.224,67.4,65.1,74.2,71.9,73.4,71.7,72.5,75.0,82.3,77.4,90.9,90.5,89.9,97.6,96.3,89.5,98.0,97.7,98.7,99.9,102.9,94.9,104.0,102.9,102.4,100.3,98.3,101.3,92.3,95.0,95.0,0.0
1391,,4,,,,,Kohlgemüse,,0.055,66.3,62.4,77.8,72.4,76.9,72.8,71.7,80.5,88.6,84.0,82.1,82.4,81.8,81.5,82.3,81.3,88.0,82.9,88.9,96.2,96.0,91.3,95.6,107.7,106.8,111.3,107.2,111.6,100.8,100.0,116.2,16.2
1400,,4,,,,,Zwiebeln,,0.065,75.0,72.2,72.6,75.9,85.6,79.0,78.3,77.2,84.8,85.1,84.4,86.7,90.2,85.2,85.6,89.8,92.5,88.0,103.3,107.2,106.2,102.5,96.1,117.3,119.2,117.0,110.7,109.4,100.7,95.5,101.8,6.6
1407,,4,,,,,Andere Gemüse und Pilze,,0.065,67.6,71.1,73.0,72.6,74.6,75.3,78.2,84.4,88.3,87.9,79.6,76.7,78.8,78.2,80.2,79.8,82.1,84.8,86.6,88.1,91.8,92.2,90.2,99.1,99.8,101.5,99.0,99.4,93.0,91.9,92.7,0.8
1417,,4,,,,,Kartoffeln,,0.105,84.9,85.1,81.7,85.1,86.1,84.4,89.6,91.9,95.8,95.3,90.9,93.5,98.7,92.9,95.0,95.5,99.3,95.0,97.2,95.6,98.7,102.9,101.3,105.7,108.9,106.4,106.5,101.7,95.7,100.8,109.2,8.3
1423,,4,,,,Konservierte Gemüse und Pilze,,,0.111,88.9,90.0,91.9,91.6,90.4,90.4,92.0,95.8,98.7,99.8,98.3,97.2,96.4,95.8,94.9,94.8,95.4,96.9,97.0,98.3,98.4,98.7,97.7,96.2,97.0,98.5,99.8,99.4,94.9,92.6,93.2,0.7
1440,,4,,,,Kartoffelhaltige Produkte,,,0.107,...,...,...,...,...,...,...,...,...,...,107.6,106.1,107.0,107.3,107.4,106.2,106.7,107.7,106.7,106.1,105.5,109.8,108.6,106.5,106.9,106.2,104.1,102.5,98.9,97.2,97.9,0.7
1448,'01.1.8,3,,"Zucker, Konfitüren, Honig, Schokolade und andere Süsswaren",,,,,0.656,77.8,78.9,80.9,82.1,81.5,80.4,81.1,84.0,86.9,88.3,89.1,88.5,89.8,89.7,89.8,90.7,91.6,91.7,92.4,94.2,96.5,97.7,96.0,94.1,94.1,97.3,100.1,99.9,97.9,96.9,96.9,-0.1
1449,,4,,,Konfitüren und Bienenhonig,,,,0.099,69.0,69.2,69.7,69.4,69.4,68.7,69.0,71.5,74.0,75.7,77.0,76.2,78.7,78.8,80.0,80.7,81.9,84.2,82.8,85.9,89.7,93.0,92.5,90.7,89.5,90.0,94.2,98.0,98.6,97.6,100.0,2.5
1455,,4,,,Schokolade,,,,0.324,80.7,82.2,86.1,88.5,87.1,85.3,84.3,85.4,88.3,89.6,90.3,89.6,91.2,91.4,91.1,92.5,93.8,92.5,93.1,94.4,97.4,98.6,95.5,91.6,91.6,96.8,101.5,100.2,97.4,96.0,94.2,-1.8
1461,,4,,,Süsswaren,,,,0.102,...,...,...,...,...,...,...,...,...,...,88.8,89.0,90.4,91.2,91.1,91.4,92.3,93.4,93.7,96.3,97.9,98.7,99.7,100.2,100.5,101.0,100.4,100.7,99.3,98.3,100.7,2.4
1468,,4,,,Speiseeis,,,,0.098,73.7,74.8,75.5,76.3,77.4,78.3,81.9,85.3,89.9,92.8,93.7,92.2,92.2,92.6,93.0,93.5,93.8,94.6,97.0,98.0,98.2,98.3,96.4,97.6,97.8,99.9,100.0,99.5,97.5,96.4,97.0,0.6
1475,,4,,,Zucker,,,,0.033,90.3,91.4,89.0,87.7,87.2,86.8,92.5,104.2,104.8,105.3,105.0,106.8,106.4,99.8,99.7,99.9,99.0,98.6,101.1,104.5,103.9,103.4,103.2,102.6,102.1,105.4,104.5,102.1,97.8,101.1,101.7,0.6
1481,'01.1.9,3,,Sonstige Nahrungsmittel,,,,,0.678,73.9,75.5,77.5,79.0,79.7,81.2,81.9,84.6,87.6,90.1,90.9,90.9,92.6,92.9,93.0,93.6,94.6,95.8,97.5,99.4,100.2,100.0,99.8,98.0,98.3,99.7,99.9,99.7,97.7,95.7,95.2,-0.6
1482,,4,,,"Trockensuppen, Gewürze, Saucen",,,,0.483,69.5,72.2,74.6,76.5,77.4,79.0,79.5,82.0,85.1,87.7,88.7,88.6,90.1,91.1,91.3,92.3,93.9,95.9,98.0,100.5,100.4,100.4,99.8,98.3,98.4,100.3,100.4,99.6,97.5,96.0,96.2,0.2
1505,,4,,,Küchenfertige Nahrungsmittel,,,,0.195,77.6,77.8,79.3,80.3,80.7,82.1,83.0,85.9,88.6,91.0,91.9,91.8,93.7,93.6,93.5,94.0,94.6,95.5,96.7,97.5,99.6,99.3,99.7,97.4,98.1,98.4,98.9,99.9,98.1,95.1,92.8,-2.4
1517,'01.2,3,Alkoholfreie Getränke (Detailhandel),,,,,,0.954,87.5,89.4,92.8,95.3,91.5,89.4,90.0,90.6,91.9,93.4,92.4,93.2,97.9,95.8,96.3,97.6,97.8,98.2,99.3,101.2,102.1,101.4,100.3,99.9,100.0,101.7,102.2,101.7,100.5,100.5,99.9,-0.6
1518,'01.2.1,3,,"Kaffee, Tee, Kakao und Nährgetränke",,,,,0.408,87.4,90.9,97.0,102.0,93.3,89.5,90.2,88.9,88.1,89.0,88.0,92.2,102.1,94.7,96.9,100.9,100.9,97.6,97.0,98.3,98.9,98.5,98.4,97.2,97.7,98.4,98.9,99.3,105.5,106.8,103.7,-2.8
1530,,4,,,Kaffee (Detailhandel),,,,0.322,93.8,98.4,105.7,112.4,99.2,93.2,94.1,91.6,88.8,88.9,87.1,92.9,106.9,96.2,99.3,104.9,104.8,99.4,97.7,98.5,98.7,98.0,98.1,97.0,97.3,98.0,98.4,99.0,107.0,108.8,104.8,-3.7
1532,,4,,,Tee (Detailhandel),,,,0.062,71.6,74.7,80.1,82.9,81.8,81.3,82.2,83.9,87.8,90.0,90.6,90.1,91.3,91.3,91.3,92.1,92.6,93.8,96.3,99.0,99.9,100.3,100.4,99.6,100.5,100.8,102.1,100.9,98.3,98.8,99.7,1.0
1539,,4,,,Kakao und Nährgetränke,,,,0.024,81.6,81.7,84.7,85.4,86.2,87.6,87.5,88.0,90.9,93.7,93.9,96.3,97.7,97.1,97.6,97.5,98.0,97.9,97.9,97.8,100.4,100.3,98.0,95.8,96.8,97.8,97.6,98.8,102.4,100.2,100.7,0.5
1544,'01.2.2,3,,"Mineralwasser, Süssgetränke und Säfte",,,,,0.546,86.4,86.9,88.0,88.4,88.8,88.3,88.7,91.0,94.0,95.9,95.0,94.1,95.9,96.7,96.3,96.2,96.4,98.9,100.9,103.0,104.1,103.3,101.7,101.7,101.5,103.8,104.3,103.3,97.0,96.1,97.2,1.2
1545,,4,,,Natürliche Mineralwasser (Detailhandel),,,,0.133,88.8,89.4,89.9,90.9,92.5,92.5,93.8,96.8,102.6,105.0,101.8,100.5,106.3,105.7,105.5,105.2,104.5,104.7,104.5,105.3,105.3,104.9,103.5,103.5,103.6,105.0,105.7,104.6,98.5,96.4,97.7,1.4
1552,,4,,,Süssgetränke (Detailhandel),,,,0.244,89.2,89.7,89.3,89.5,89.9,88.8,87.6,89.8,91.9,93.9,93.0,92.2,92.8,93.9,93.8,93.2,93.3,98.1,102.4,105.0,106.2,106.0,104.0,103.8,103.1,105.3,104.9,103.3,98.7,98.5,99.0,0.4
1563,,4,,,Frucht- und Gemüsesäfte (Detailhandel),,,,0.169,78.6,79.3,83.2,83.6,82.9,83.1,85.4,87.3,89.8,91.3,92.4,91.5,92.4,93.3,92.5,93.4,94.7,95.1,94.9,97.8,99.6,97.7,96.4,96.5,97.0,100.6,102.1,102.1,93.4,92.2,94.1,2.0
2,'02,2,Alkoholische Getränke und Tabak,,,,,,1.818,58.4,58.4,59.6,60.8,61.3,61.5,63.1,66.2,68.7,69.2,69.4,70.1,71.5,73.2,75.2,76.3,78.6,79.7,81.1,82.4,83.4,86.3,90.3,91.3,93.2,95.6,98.2,99.4,101.0,102.1,103.4,1.3
2001,'02.1,3,Alkoholische Getränke (Detailhandel),,,,,,1.239,81.1,79.7,79.8,81.3,82.0,82.4,84.5,88.3,91.5,92.1,91.3,90.5,90.5,91.5,92.4,92.9,93.7,94.1,94.9,95.8,96.3,96.8,97.4,96.8,97.3,99.3,100.9,100.6,99.8,99.7,99.8,0.0
2002,'02.1.1,3,,Spirituosen,,,,,0.130,93.3,93.3,93.3,94.1,95.1,95.8,96.9,99.1,103.0,109.6,109.6,109.2,108.9,107.7,107.4,107.6,104.1,95.6,96.1,98.3,98.4,98.5,98.7,98.2,98.4,99.6,100.4,100.3,100.3,99.4,99.3,-0.2
2003,,4,,,Brände (Detailhandel),,,,0.073,93.4,93.1,92.9,93.6,94.2,94.5,95.6,97.5,101.0,108.1,107.3,107.2,107.0,105.3,105.1,106.0,102.7,95.6,96.2,98.5,99.0,99.4,99.5,98.7,98.6,99.6,100.4,100.4,100.8,101.1,100.6,-0.5
2010,,4,,,Likör und Apéro-Getränke (Detailhandel),,,,0.057,93.3,93.8,94.0,95.1,96.3,97.8,98.8,101.4,105.6,111.7,112.5,112.0,111.5,110.9,110.5,109.9,106.1,95.9,96.1,97.8,97.2,96.8,97.1,97.1,98.2,99.8,100.5,100.1,99.5,96.7,97.1,0.3
2017,'02.1.2,3,,Wein (Detailhandel),,,,,0.958,81.4,79.5,79.5,80.5,81.2,81.5,84.2,88.9,91.8,90.4,89.0,88.2,88.1,89.6,90.8,91.4,92.9,94.6,95.7,96.1,96.1,96.7,97.6,97.2,97.9,99.8,101.4,100.7,99.5,99.6,99.2,-0.3
2018,,3,,,Rotwein,,,,0.725,77.3,76.2,76.7,77.9,78.6,78.9,81.4,86.3,89.3,87.6,86.1,85.2,84.5,85.8,87.2,88.1,89.8,92.6,93.9,94.4,95.0,95.8,96.7,96.5,97.1,99.0,100.4,99.6,98.0,98.2,97.8,-0.4
2019,,4,,,,"Rotwein, inländisch (Detailhandel)",,,0.193,88.6,85.2,82.3,82.5,83.3,84.5,88.0,92.0,94.8,96.1,95.7,95.5,95.2,95.9,96.0,95.0,94.5,94.0,94.6,95.0,94.5,95.7,97.1,97.1,97.6,98.2,99.5,99.6,98.0,98.4,98.1,-0.3
2031,,4,,,,"Rotwein, ausländisch (Detailhandel)",,,0.532,73.5,72.9,74.2,75.5,76.2,76.3,78.6,83.5,86.5,84.2,82.5,81.3,80.4,82.0,84.0,85.6,88.2,92.2,93.8,94.2,95.2,95.9,96.7,96.3,97.0,99.2,100.8,99.5,98.0,98.1,97.7,-0.4
2045,,3,,,Weisswein,,,,0.185,88.3,83.7,81.5,82.0,82.4,82.9,86.1,89.7,91.7,91.7,90.7,90.8,92.5,94.5,95.1,95.1,95.6,95.0,95.7,95.8,94.9,95.6,96.7,96.7,97.3,98.9,101.0,100.2,99.9,99.6,99.0,-0.6
2046,,4,,,,"Weisswein, inländisch (Detailhandel)",,,0.119,91.2,85.2,81.8,81.7,81.8,82.4,85.9,89.8,91.1,90.5,89.0,89.2,91.1,93.1,93.5,93.2,93.7,93.1,94.1,94.1,93.8,94.5,95.7,95.9,96.1,98.2,100.8,100.1,99.4,97.9,97.3,-0.7
2056,,4,,,,"Weisswein, ausländisch (Detailhandel)",,,0.066,78.9,78.8,80.3,83.2,84.5,84.9,86.9,89.7,93.8,96.1,96.1,94.0,92.4,93.1,96.6,101.5,102.5,101.6,101.0,100.8,97.3,98.1,98.6,98.0,100.1,100.8,101.6,100.4,101.0,103.3,103.0,-0.3
2058,,4,,,Schaumwein (Detailhandel),,,,0.048,...,...,...,...,...,...,...,...,...,...,101.7,99.7,98.0,98.7,99.6,100.3,102.6,104.4,104.7,104.2,103.9,103.0,103.3,103.7,104.8,109.2,110.6,109.8,113.6,112.0,111.4,-0.5
2064,'02.1.3,4,,Bier (Detailhandel),,,,,0.151,71.0,71.3,72.4,77.0,77.6,78.0,77.6,78.8,83.5,88.5,89.6,88.8,89.3,89.4,89.5,89.8,89.9,89.7,90.0,92.2,94.4,95.1,94.5,92.8,92.8,96.3,98.5,100.4,101.2,101.2,102.8,1.6
2075,'02.2,3,Tabakwaren,,,,,,0.579,31.9,33.8,36.5,37.4,37.7,37.6,38.7,41.1,42.7,43.2,44.6,47.1,49.9,52.2,55.4,57.0,61.0,62.6,64.5,66.0,67.4,72.5,80.3,83.1,86.5,89.3,93.5,97.4,102.9,105.8,109.4,3.4
2076,,4,,Zigaretten,,,,,0.547,31.2,33.1,35.9,36.8,36.9,36.7,37.9,40.3,41.9,42.1,43.6,46.0,49.0,51.4,54.7,56.3,60.4,62.0,63.9,65.3,66.8,71.9,80.1,83.0,86.5,89.3,93.7,97.6,103.0,106.1,109.8,3.5
2082,,4,,Andere Tabakwaren,,,,,0.032,41.1,43.1,45.4,46.7,48.6,48.9,50.0,52.1,54.7,56.8,59.0,61.3,61.7,63.1,63.8,64.6,68.1,69.6,71.7,73.6,74.3,77.7,80.7,82.2,84.7,86.3,88.6,93.7,101.2,101.0,102.3,1.3
3,'03,2,Bekleidung und Schuhe,,,,,,3.788,68.1,70.1,72.8,75.3,76.9,78.2,80.0,83.1,86.4,89.6,91.7,92.0,92.5,92.5,92.8,93.5,94.1,94.4,89.5,87.4,87.1,84.8,84.7,86.3,86.5,90.0,92.1,93.2,94.5,88.9,85.6,-3.7
3001,'03.1,3,Bekleidung,,,,,,3.007,66.7,68.7,71.3,73.9,75.3,76.6,78.3,81.2,84.4,87.5,89.8,90.1,90.6,90.7,91.0,91.6,92.1,92.3,87.1,84.9,85.0,83.0,83.3,85.2,85.5,89.4,91.9,93.4,94.5,88.2,84.8,-3.9
3002,'03.1.2,3,,Bekleidungsartikel,,,,,2.748,68.3,70.3,72.9,75.7,77.1,78.3,80.0,82.7,85.9,88.9,91.0,91.1,91.3,91.2,91.5,92.3,92.7,92.9,87.0,84.4,84.6,82.5,82.8,84.8,85.2,89.4,91.9,93.3,94.4,87.7,84.2,-4.0
3003,,3,,,Herrenbekleidung,,,,0.823,69.1,70.7,73.2,76.0,77.5,78.8,80.8,83.5,87.1,90.1,92.1,92.3,92.5,92.4,93.2,94.0,94.1,94.4,91.3,87.7,88.3,86.6,86.5,90.1,89.0,90.1,93.0,93.6,95.4,90.3,87.6,-3.0
3004,,4,,,,"Mäntel, Jacken und Vestons, Herren",,,0.196,74.7,76.8,79.8,83.2,84.9,86.4,88.7,92.1,95.8,99.0,100.8,99.9,98.9,97.8,98.8,100.8,100.5,100.6,95.6,89.5,91.8,89.0,87.8,90.1,91.2,90.5,92.0,92.8,94.5,84.1,84.8,0.9
3015,,4,,,,"Anzüge, Herren",,,0.083,64.2,66.1,68.6,71.0,72.6,74.1,76.3,78.9,84.0,86.9,88.9,89.8,90.4,91.0,91.1,90.8,89.7,89.6,86.0,83.1,82.0,81.4,82.2,85.1,84.6,85.2,92.1,95.2,92.9,84.1,77.9,-7.4
3020,,4,,,,"Hosen, Herren",,,0.194,61.2,62.0,64.1,66.5,67.7,68.5,69.9,72.4,74.6,77.3,79.1,79.5,80.2,80.5,81.9,82.2,83.1,83.9,81.7,78.7,77.2,75.7,77.8,83.3,83.2,85.3,88.3,89.0,89.3,81.9,78.3,-4.4
3027,,4,,,,"Oberhemden, Herren",,,0.130,83.2,84.5,87.3,89.6,91.3,92.7,95.4,97.5,99.7,103.1,105.9,107.1,107.4,107.2,106.7,107.1,108.2,109.4,104.7,100.0,96.7,95.2,93.9,92.0,92.8,97.4,96.1,95.4,96.9,98.7,98.4,-0.3
3033,,4,,,,"Strickwaren, Herren",,,0.131,66.8,69.0,72.0,75.6,77.8,78.9,80.5,83.4,86.8,89.8,91.9,91.6,91.6,91.5,93.1,94.6,94.6,94.4,92.0,88.9,91.5,88.4,89.7,96.4,91.6,92.4,97.2,96.3,101.7,98.3,91.0,-7.4
3041,,4,,,,"Unterwäsche, Herren",,,0.089,69.5,70.8,72.8,75.0,76.1,77.0,78.5,81.3,85.3,87.9,89.7,90.7,92.1,92.2,92.7,93.2,94.2,94.2,93.8,92.6,96.8,97.2,95.1,95.3,95.4,94.9,96.3,96.7,99.2,99.9,99.6,-0.2
3060,,3,,,Damenbekleidung,,,,1.405,67.9,70.1,72.7,75.3,76.8,78.0,79.5,82.2,85.1,88.2,90.4,90.4,90.4,90.1,90.2,90.9,91.2,91.4,83.2,80.9,80.6,77.7,78.5,80.3,81.6,89.0,91.5,93.2,93.7,85.3,80.9,-5.2
3061,,4,,,,"Mäntel, Damen",,,0.096,89.5,92.8,96.2,100.3,102.6,104.0,104.7,107.0,109.7,112.8,114.1,114.2,114.2,113.5,112.6,113.2,113.4,111.5,96.1,90.2,92.5,84.5,84.3,85.0,90.6,96.0,95.3,89.2,90.8,76.8,72.2,-6.0
3067,,,,,,,,"Kostüme, Hosenanzüge, Kleider",,84.4,86.9,89.4,92.1,93.1,94.6,96.0,99.2,102.7,105.5,108.4,108.3,107.9,107.7,107.7,107.9,107.8,107.6,91.4,93.5,90.7,90.1,91.8,91.3,91.3,95.2,97.0,97.6,...,...,...,...
3074,,4,,,,"Jupes und Kleider, Damen",,,0.156,61.4,63.9,66.3,68.3,69.2,70.0,72.3,76.2,79.3,82.5,84.6,83.4,83.0,82.3,82.3,82.6,83.4,82.8,70.2,67.3,69.3,64.6,65.1,73.6,78.8,82.6,87.5,92.2,94.5,84.7,72.9,-13.9
3079,,4,,,,"Hosen, Damen",,,0.251,60.8,62.0,64.5,67.2,69.0,69.7,71.4,74.6,77.6,80.6,82.3,82.4,82.2,81.9,82.1,82.6,83.0,83.8,77.6,74.3,73.7,71.6,74.2,78.9,81.4,88.8,90.1,93.2,92.9,86.9,83.2,-4.3
3086,,4,,,,"Jacken, Damen",,,0.211,69.1,72.4,76.6,79.2,80.2,81.6,83.7,86.8,89.2,92.0,94.2,94.1,93.8,93.3,93.7,94.4,95.1,95.7,84.0,83.7,82.1,79.7,82.7,80.6,78.0,87.2,88.2,86.9,88.6,78.8,68.9,-12.5
3093,,4,,,,"Blusen und Hemdblusen, Damen",,,0.128,80.3,82.9,86.4,90.0,92.5,93.9,96.2,99.4,102.7,107.0,110.7,110.5,109.5,109.4,108.1,108.7,107.9,106.2,90.9,87.7,88.3,87.5,86.2,84.9,90.1,94.4,96.3,95.7,95.4,85.4,88.5,3.6
3099,,4,,,,"Strickwaren, Damen",,,0.332,57.7,60.7,64.1,67.4,69.2,70.7,72.3,75.3,78.5,81.8,84.2,84.1,84.2,84.2,85.5,87.2,88.0,88.7,82.3,78.4,78.2,74.1,74.3,75.2,77.3,88.2,92.0,94.6,100.2,89.7,88.9,-0.9
3106,,4,,,,"Unterwäsche, Damen",,,0.231,61.6,62.7,64.3,66.0,67.3,68.4,70.1,72.4,75.6,79.7,82.1,83.2,84.7,84.3,84.3,85.2,85.9,86.8,87.8,87.5,88.9,88.4,86.2,87.7,88.5,92.8,95.4,98.4,90.2,86.2,83.6,-3.0
3125,,3,,,Kinderbekleidung,,,,0.291,65.8,67.7,70.9,74.3,75.5,76.3,77.8,80.6,83.9,86.2,88.0,88.4,89.2,89.8,89.8,91.3,92.3,93.3,91.0,87.8,87.7,88.8,87.9,87.6,85.9,85.7,88.4,89.4,91.4,86.8,85.5,-1.5
3126,,4,,,,"Mäntel und Jacken, Kinder",,,0.022,92.1,94.1,97.6,100.3,102.9,104.5,106.7,109.5,113.7,117.5,120.3,120.6,121.9,122.1,122.5,122.4,124.7,124.0,110.0,99.7,100.9,97.3,94.0,91.8,93.0,90.7,98.7,94.5,92.9,83.5,79.2,-5.1
3134,,4,,,,"Hosen und Jupe, Kinder",,,0.056,56.2,57.2,62.2,66.6,68.4,69.5,71.5,75.3,79.1,80.9,83.6,83.9,84.7,85.5,84.5,86.0,87.4,88.7,88.3,81.4,83.8,86.3,83.3,80.8,83.1,84.3,85.1,86.9,87.4,87.0,83.0,-4.6
3141,,4,,,,"Strickwaren, Kinder",,,0.065,63.7,66.1,68.6,71.8,72.4,72.8,73.8,75.9,78.9,80.7,82.1,82.6,83.2,83.8,84.3,87.2,87.7,89.3,87.6,82.6,81.2,83.3,82.8,83.2,78.1,81.7,82.9,84.4,90.7,86.6,82.0,-5.2
3148,,4,,,,Babybekleidung,,,0.091,...,...,...,...,...,...,...,...,...,...,...,...,...,...,...,...,...,87.3,86.0,86.7,88.1,88.8,88.9,91.5,90.0,84.4,88.5,91.0,91.0,86.3,88.5,2.6
3150,,4,,,,"Strumpfwaren und Unterwäsche, Kinder",,,0.057,73.3,74.8,76.7,79.1,80.7,82.1,83.7,86.8,90.2,93.3,94.4,94.7,95.8,96.4,97.2,96.8,96.2,97.5,97.0,97.4,96.1,97.6,97.1,95.5,92.2,94.6,95.5,95.1,96.6,89.1,88.7,-0.5
3300,,3,,,Sportbekleidung,,,,0.229,75.8,77.4,80.0,82.0,82.8,84.6,86.8,90.0,93.8,97.8,100.0,99.8,100.7,100.9,100.8,101.3,101.3,100.1,94.8,95.8,97.3,95.5,95.3,95.3,96.4,95.7,94.9,97.3,99.3,95.2,92.3,-3.1
3310,,4,,,,Wintersportbekleidung,,,0.096,...,...,...,...,...,...,...,...,...,...,...,...,...,...,...,...,...,...,...,...,...,...,...,94.4,93.7,90.8,91.3,94.3,99.4,94.4,92.8,-1.7
3320,,4,,,,Sommer-/ Ganzjahrsportbekleidung,,,0.133,...,...,...,...,...,...,...,...,...,...,...,...,...,...,...,...,...,...,...,...,...,...,...,95.9,98.2,99.1,97.4,99.4,99.2,95.8,91.9,-4.1
3168,'03.1.1/.3,3,,Bekleidungszubehör und -stoffe,,,,,0.176,60.1,61.8,64.1,66.1,67.2,68.1,69.4,71.9,74.6,77.1,79.3,80.8,83.0,84.0,84.8,84.7,85.7,85.5,86.4,86.5,85.9,85.4,84.7,86.7,85.4,86.4,89.1,93.4,92.4,89.0,86.5,-2.8
3169,,4,,,Kleiderstoffe,,,,0.013,69.1,71.6,74.9,76.7,78.0,78.8,80.8,84.0,86.5,88.3,89.2,89.3,88.9,88.1,87.9,87.3,87.9,86.5,82.7,77.5,86.7,91.2,91.1,91.8,93.0,93.8,97.1,100.3,101.3,100.7,101.8,1.1
3175,,4,,,Mercerie und Strickwolle,,,,0.028,63.5,65.2,67.2,69.6,70.8,71.8,73.0,75.5,78.6,81.6,84.5,86.6,89.6,91.3,92.4,92.5,93.7,94.2,94.7,98.0,96.1,96.4,96.8,97.7,97.5,100.2,101.1,99.2,101.0,101.6,101.8,0.2
3183,,4,,,Anderes Bekleidungszubehör,,,,0.135,...,...,...,...,...,...,...,...,...,...,...,...,...,...,...,...,...,82.0,85.6,85.3,81.6,81.0,80.1,82.6,81.3,82.3,85.5,91.4,88.8,85.1,81.5,-4.2
3189,'03.1.4,3,,Reinigung und Reparatur von Bekleidung,,,,,0.083,55.7,57.7,59.9,61.7,63.5,65.7,67.9,72.1,76.4,81.1,84.7,86.4,88.8,90.1,89.7,88.7,90.1,90.7,92.2,93.9,94.9,94.5,95.4,96.4,97.1,97.5,98.6,99.7,101.7,102.3,102.4,0.1
3190,,4,,,Kleideränderungen,,,,0.021,52.0,54.4,56.5,57.9,60.4,62.6,64.7,68.6,72.7,78.3,82.5,83.8,87.3,90.0,88.9,86.6,88.5,89.1,89.3,90.8,91.4,92.2,93.6,94.2,95.7,97.8,98.9,99.8,101.2,101.7,99.3,-2.3
3198,,4,,,Textilreinigung,,,,0.062,57.9,59.7,61.9,63.9,65.3,67.4,69.7,74.0,78.5,82.6,85.6,87.3,89.6,90.7,90.5,89.6,90.9,91.5,93.4,95.1,96.1,95.4,96.1,97.2,97.6,97.5,98.6,99.6,101.9,102.5,103.5,0.9
3210,'03.2,3,Schuhe einschliesslich Reparatur,,,,,,0.781,74.3,76.6,79.9,82.1,84.2,86.0,87.9,92.2,95.9,99.0,101.0,101.3,101.6,101.1,101.0,102.3,103.4,104.3,101.2,99.4,97.5,93.4,91.3,91.0,91.1,92.4,93.3,92.2,94.8,91.9,89.2,-3.0
3211,'03.2.1,3,,Schuhe,,,,,0.764,75.3,77.6,80.9,83.1,85.3,87.0,88.9,93.4,97.0,100.2,102.2,102.5,102.8,102.2,102.1,103.4,104.3,105.2,101.9,100.0,98.0,93.6,91.5,91.1,91.1,92.3,93.3,92.0,94.6,91.6,88.9,-3.0
3212,,4,,,Damenschuhe,,,,0.420,78.0,80.6,83.9,86.1,88.0,89.7,91.5,95.9,99.5,102.8,104.9,105.2,105.5,105.0,104.8,106.3,107.2,107.5,103.5,100.8,99.2,92.5,91.3,89.9,91.4,93.1,94.0,90.0,95.7,93.4,89.7,-4.1
3220,,4,,,Herrenschuhe,,,,0.247,70.2,72.1,75.5,77.7,80.1,82.1,84.1,88.1,91.6,94.6,96.7,97.3,97.4,96.6,96.0,96.7,98.2,100.1,98.3,96.8,94.8,92.2,90.2,90.8,89.0,91.4,91.0,93.2,93.9,89.4,88.5,-1.0
3228,,4,,,Kinderschuhe,,,,0.097,78.3,80.3,83.3,85.6,88.1,89.5,91.4,97.3,101.5,104.2,106.0,106.0,106.5,106.0,106.8,108.2,108.6,109.2,104.8,104.4,101.4,100.0,94.9,96.0,94.7,92.0,95.7,96.3,92.0,89.8,87.9,-2.1
3237,'03.2.2,4,,Reparatur von Schuhen,,,,,0.017,50.4,52.4,55.0,56.4,58.2,59.4,61.2,63.5,66.1,68.9,69.6,70.3,71.1,71.6,71.7,73.0,75.5,76.4,77.9,79.3,81.9,83.1,85.2,86.9,90.8,96.2,97.3,99.6,102.8,103.3,103.6,0.3
4,'04,2,Wohnen und Energie,,,,,,24.955,51.9,53.3,55.2,54.1,54.9,55.8,58.4,63.3,68.9,72.8,76.2,76.4,77.7,79.1,79.7,79.2,79.9,82.8,84.7,84.8,85.1,86.5,89.1,91.5,93.5,98.0,96.9,99.3,101.7,102.5,102.6,0.1
4001,'04.1,3,Miete,,,,,,18.800,49.1,50.4,51.9,53.9,55.5,57.1,59.2,64.3,70.7,75.6,79.5,80.0,80.9,82.0,82.5,82.5,83.1,84.3,86.6,87.5,87.8,88.8,90.0,91.7,93.8,96.0,98.4,99.5,100.8,101.5,101.9,0.5
4002,,4,,Wohnungsmiete,,,,,17.968,49.0,50.2,51.8,53.8,55.4,57.0,59.1,64.2,70.5,75.4,79.3,79.8,80.6,81.7,82.1,82.2,82.7,84.0,86.4,87.3,87.5,88.6,89.8,91.6,93.7,95.9,98.3,99.4,100.8,101.4,101.8,0.4
4005,,4,,Garagen- und Parkplatzmiete,,,,,0.832,...,...,...,...,...,...,...,...,...,...,81.2,82.8,86.2,88.1,91.5,92.5,92.7,93.8,94.3,94.7,95.1,95.2,95.7,93.9,97.3,97.9,100.3,100.9,101.6,104.1,105.5,1.3
4009,,3,Laufender Unterhalt der Wohnung,,,,,,1.864,49.1,50.6,52.5,55.0,57.3,58.9,61.0,64.6,69.5,74.1,77.6,79.4,81.6,83.0,83.4,83.6,84.4,85.6,86.9,89.8,91.4,92.4,93.3,94.5,95.8,96.8,97.9,99.1,100.5,101.9,102.6,0.7
4010,'04.3.1,4,,Material für Wohnungsunterhalt,,,,,0.124,66.2,66.5,68.1,70.6,73.5,73.9,74.4,76.4,78.8,81.6,86.1,87.4,88.7,90.0,90.4,90.2,92.5,93.8,93.1,98.8,99.5,101.1,101.1,101.9,102.1,102.7,101.6,99.9,99.7,99.1,99.6,0.6
4020,'04.3.2,4,,Dienstleistungen für Wohnungsunterhalt,,,,,1.740,44.7,46.6,48.7,51.3,53.4,55.4,57.9,62.1,67.8,73.0,76.3,78.3,80.7,82.1,82.5,82.8,83.3,84.4,86.2,88.3,90.0,90.9,91.9,93.3,94.8,96.1,97.5,99.0,100.6,102.2,102.9,0.7
4028,'04.4,4,Gebühren,,,,,,0.345,...,...,...,...,...,...,...,...,...,...,...,...,...,...,...,...,...,86.1,87.0,87.7,88.1,91.7,90.9,92.8,96.7,98.4,99.7,99.9,100.8,101.4,102.1,0.7
4049,'04.5,3,Energie,,,,,,3.946,70.4,73.4,76.8,57.5,52.9,50.0,55.4,59.7,61.5,59.8,60.5,58.6,61.8,65.1,66.5,62.2,64.2,75.9,76.1,72.0,72.7,75.0,83.4,89.2,90.3,105.2,89.6,98.3,105.6,106.9,105.1,-1.6
4070,'04.5.1,3,,Elektrizität,,,,,1.740,67.9,70.7,72.6,73.9,74.4,74.7,75.4,76.7,79.8,83.7,86.8,88.6,96.8,97.8,97.7,97.3,98.0,97.5,97.4,96.7,94.9,93.4,90.6,90.3,88.8,90.5,95.2,99.9,103.7,100.4,99.1,-1.2
4071,,4,,,"Elektrizität, Verbrauchstyp I",,,,0.255,...,...,...,...,...,...,...,...,...,...,...,...,...,...,...,...,...,99.4,99.2,98.4,96.6,94.8,91.9,91.6,90.6,92.4,96.5,100.3,101.0,95.4,93.3,-2.1
4073,,4,,,"Elektrizität, Verbrauchstyp II",,,,0.272,...,...,...,...,...,...,...,...,...,...,...,...,...,...,...,...,...,100.4,100.2,99.2,97.5,95.6,92.8,92.3,91.1,92.8,96.4,100.3,101.5,97.1,95.5,-1.6
4075,,4,,,"Elektrizität, Verbrauchstyp III",,,,0.248,...,...,...,...,...,...,...,...,...,...,...,...,...,...,...,...,...,94.2,94.1,93.6,91.8,90.3,88.2,87.9,87.1,88.9,94.2,99.4,104.1,100.9,99.7,-1.2
4077,,4,,,"Elektrizität, Verbrauchstyp IV",,,,0.163,...,...,...,...,...,...,...,...,...,...,...,...,...,...,...,...,...,101.3,101.1,100.4,98.5,97.1,93.3,93.0,91.7,93.3,96.3,100.1,102.4,99.2,97.9,-1.3
4079,,4,,,"Elektrizität, Verbrauchstyp V",,,,0.470,...,...,...,...,...,...,...,...,...,...,...,...,...,...,...,...,...,95.7,95.8,95.1,93.4,91.8,89.2,89.0,87.9,89.5,94.3,99.8,105.0,102.5,101.3,-1.2
4081,,4,,,"Elektrizität, Verbrauchstyp VI",,,,0.165,...,...,...,...,...,...,...,...,...,...,...,...,...,...,...,...,...,92.1,92.0,91.2,89.6,88.4,86.2,85.9,83.5,85.9,93.0,99.4,107.3,105.8,105.6,-0.2
4083,,4,,,"Elektrizität, Verbrauchstyp VII",,,,0.167,...,...,...,...,...,...,...,...,...,...,...,...,...,...,...,...,...,96.7,96.8,95.8,93.8,91.7,89.1,89.1,88.1,89.1,94.4,99.6,104.7,102.3,101.8,-0.5
4050,'04.5.2,3,,Gas,,,,,0.597,59.8,60.1,60.6,60.3,57.4,55.6,55.2,56.3,59.3,60.4,59.5,57.6,60.0,59.2,60.0,60.3,58.7,65.6,78.0,72.3,71.4,71.6,78.1,91.2,95.7,108.1,100.5,95.7,101.7,107.6,107.5,-0.2
4053,,4,,,"Gas, Verbrauchstyp II",,,,0.176,...,...,...,...,...,...,...,...,...,...,60.4,58.4,60.8,59.9,60.8,61.0,59.3,66.5,79.0,73.5,72.5,72.7,79.3,92.1,96.4,108.2,100.8,95.8,101.6,107.2,107.7,0.4
4055,,4,,,"Gas, Verbrauchstyp III",,,,0.129,...,...,...,...,...,...,...,...,...,...,58.0,56.0,58.2,57.2,58.2,58.5,56.5,64.2,77.5,71.6,70.5,70.7,77.6,91.3,95.7,108.1,100.5,95.7,101.7,107.6,107.2,-0.4
4057,,4,,,"Gas, Verbrauchstyp IV",,,,0.197,...,...,...,...,...,...,...,...,...,...,57.7,55.5,57.8,56.8,57.8,58.0,56.0,63.8,77.3,70.9,69.8,70.1,77.2,91.2,95.6,108.3,100.6,95.7,101.7,107.7,107.4,-0.3
4059,,4,,,"Gas, Verbrauchstyp V",,,,0.095,...,...,...,...,...,...,...,...,...,...,57.3,55.1,57.2,56.2,57.1,57.3,55.2,63.1,76.8,70.1,68.9,69.2,76.7,90.9,95.4,108.1,100.2,95.6,101.7,108.3,107.6,-0.6
4090,'04.5.3,4,,Heizöl,,,,,1.399,57.1,59.6,63.1,38.1,32.2,28.4,35.1,39.8,40.7,36.8,35.9,31.2,30.4,36.4,39.1,30.8,34.6,57.6,53.3,46.6,50.2,57.5,79.9,90.0,91.9,124.6,78.6,97.3,110.7,116.8,112.8,-3.4
4110,'04.5.4,4,,Holz,,,,,0.122,...,...,...,...,...,...,...,...,...,...,...,...,...,...,...,...,...,74.1,73.7,73.2,75.7,76.4,77.5,83.5,94.2,88.8,94.0,96.9,95.5,90.6,97.1,7.1
4100,'04.5.5,4,,Fernwärme,,,,,0.088,...,...,...,...,...,...,...,...,...,...,66.8,66.5,70.6,70.1,71.5,70.3,69.2,69.3,82.8,81.8,81.0,79.5,84.0,91.9,97.0,103.6,106.4,97.7,101.4,103.4,104.2,0.8
5,'05.,2,Hausrat und laufende Haushaltsführung,,,,,,4.533,75.4,76.3,77.9,79.6,80.7,81.5,83.2,86.5,89.9,92.9,94.3,94.4,95.1,95.6,95.5,95.8,96.3,97.0,97.6,97.8,98.4,98.6,98.6,98.7,99.0,99.7,100.5,100.1,98.8,97.0,95.4,-1.6
5001,'05.1,3,Einrichtungsgegenstände und Bodenbeläge,,,,,,1.844,73.8,74.7,76.4,78.1,79.4,80.6,82.3,85.6,89.2,92.5,93.6,93.6,94.1,94.8,95.1,95.2,95.6,96.5,96.5,96.1,96.7,97.5,97.8,99.4,99.9,100.1,100.9,100.3,98.3,96.0,93.6,-2.5
5002,'05.1.1,3,,Möbel und Einrichtungszubehör,,,,,1.700,72.7,73.6,75.3,77.0,78.4,79.7,81.5,85.0,88.7,92.1,93.3,93.3,94.0,94.7,95.1,95.3,95.7,96.7,96.6,96.1,96.8,97.6,98.0,99.6,100.0,100.2,101.0,100.3,98.2,96.0,93.3,-2.7
5003,,4,,,Wohnzimmermöbel,,,,0.551,71.5,72.3,73.8,75.5,77.2,78.5,80.6,84.6,88.5,92.3,93.9,94.2,95.4,96.3,97.4,97.7,97.6,98.7,100.0,99.4,98.6,99.0,100.0,101.4,102.3,101.3,100.9,99.1,97.9,95.5,91.4,-4.3
5020,,4,,,Schlafzimmermöbel,,,,0.448,69.9,70.8,72.4,74.1,75.3,76.4,78.1,81.4,84.9,88.1,89.2,89.5,90.7,91.4,92.0,92.2,92.3,92.3,93.4,93.9,93.9,94.5,94.2,96.8,99.3,99.5,100.9,101.1,99.8,98.9,98.0,-0.9
5040,,4,,,Küchen- und Gartenmöbel,,,,0.295,75.4,76.5,79.1,81.2,81.9,83.4,84.7,87.4,90.5,93.5,93.4,93.4,94.1,95.2,95.1,94.4,94.5,95.9,96.5,96.5,98.8,101.2,101.2,100.9,100.6,100.7,103.8,102.1,98.4,95.8,92.4,-3.6
5050,,4,,,Einrichtungszubehör,,,,0.406,78.7,80.5,81.7,82.6,84.5,86.0,87.0,89.0,93.1,95.3,95.7,94.7,93.9,94.1,93.3,93.4,95.3,97.5,95.4,94.4,96.8,97.4,98.2,99.5,97.3,99.2,99.2,100.3,96.4,93.7,92.1,-1.7
5060,'05.1.2,4,,Bodenbeläge und Teppiche,,,,,0.144,77.4,78.5,80.2,81.7,82.7,83.9,85.2,88.1,91.2,94.2,95.2,94.9,94.7,95.0,95.2,94.8,95.2,95.3,96.2,96.6,96.1,97.2,97.0,98.5,98.2,98.6,97.8,100.5,99.2,96.7,97.7,1.0
5070,'05.2,3,"Heimtextilien, Haushaltswäsche und Zubehör",,,,,,0.311,81.8,83.0,85.1,87.1,87.8,88.7,90.1,93.1,96.5,98.8,100.0,100.1,100.7,100.9,100.6,100.9,100.9,100.4,100.5,99.7,98.9,99.8,99.8,99.4,99.6,99.7,100.5,100.8,101.0,101.5,100.4,-1.0
5071,,4,,Bettzeug und Haushaltswäsche,,,,,0.219,82.5,83.9,86.7,89.2,90.0,90.6,91.5,94.1,97.4,99.7,100.7,100.9,101.6,102.0,102.0,102.4,102.4,101.7,101.8,101.0,100.4,101.1,100.5,99.7,99.6,99.3,99.8,100.3,100.6,101.1,99.8,-1.3
5090,,4,,Vorhänge und Zubehör,,,,,0.092,79.5,80.4,81.1,82.1,82.8,84.2,86.4,90.0,93.6,96.1,97.6,97.3,97.3,97.2,96.2,96.2,96.3,96.2,96.3,95.3,94.3,95.8,97.0,97.9,99.2,100.4,102.2,102.1,102.1,102.3,101.9,-0.5
5100,'05.3,3,Haushaltsgeräte,,,,,,0.686,96.2,96.7,98.0,99.3,99.8,99.8,102.2,106.6,109.8,112.3,113.9,113.2,112.2,109.7,106.5,105.6,104.8,103.5,102.1,101.4,102.2,101.5,100.0,98.2,98.5,100.1,101.5,100.6,98.7,95.1,92.8,-2.4
5101,'05.3.1,4,,Grosse elektrische Haushaltsgeräte,,,,,0.394,87.6,88.2,89.7,91.2,91.8,92.8,95.7,100.5,103.8,106.3,107.9,108.4,109.0,107.0,104.3,103.1,101.8,100.8,99.3,100.0,100.7,100.9,100.9,99.1,99.6,102.1,103.6,102.4,102.7,99.1,95.0,-4.2
5120,'05.3.2,4,,Kleine elektrische Haushaltsgeräte,,,,,0.292,107.6,107.8,108.6,109.7,109.8,107.9,109.3,112.6,115.5,117.9,119.3,117.2,114.5,111.4,107.7,107.1,106.9,105.4,104.1,102.4,103.3,102.1,99.2,97.5,97.4,97.8,99.3,98.7,92.2,88.1,88.2,0.1
5140,'05.4,3,"Glaswaren, Geschirr und andere Gebrauchsgüter für die Haushaltsführung",,,,,,0.306,60.3,61.1,62.8,64.7,65.6,66.6,69.6,75.0,79.6,84.0,86.6,87.7,88.8,89.7,89.7,90.2,91.6,93.2,95.4,96.2,96.7,96.8,97.1,96.7,96.9,98.2,98.3,99.2,99.0,97.6,96.6,-1.0
5141,,4,,Küchen- und Kochgeräte,,,,,0.123,58.0,59.2,60.8,62.5,63.2,64.1,66.4,71.7,75.8,80.0,82.9,84.5,85.9,86.8,86.6,87.4,88.7,90.5,93.3,94.1,94.7,94.5,94.2,93.4,94.6,97.2,98.5,99.2,99.1,98.1,96.2,-1.9
5150,,4,,Geschirr und Besteck,,,,,0.105,61.3,61.9,63.6,65.5,66.6,67.7,71.1,76.4,81.3,85.7,88.2,88.8,89.7,90.6,90.9,91.1,92.5,93.8,95.5,96.3,96.5,97.2,97.8,97.3,95.8,97.5,97.1,99.1,99.0,96.8,96.1,-0.7
5170,,4,,Andere Gebrauchsgüter für die Haushaltsführung,,,,,0.078,...,...,...,...,...,...,...,...,...,...,...,...,...,...,...,...,...,94.8,96.6,97.7,98.5,98.2,98.9,99.5,102.6,100.8,99.7,99.3,98.6,97.7,98.4,0.7
5180,'05.5,3,"Werkzeuge, Kleinmaterial und anderes Zubehör für Haus und Garten",,,,,,0.512,68.1,68.3,69.9,72.3,75.3,75.6,76.2,78.2,80.7,83.4,86.8,88.0,89.4,90.6,91.9,92.5,93.5,94.3,95.2,95.0,95.1,95.3,96.1,97.4,98.3,99.3,100.6,99.9,99.6,97.4,96.7,-0.7
5181,'05.5.1,4,,Motorenbetriebene Werkzeuge für Haus und Garten,,,,,0.099,94.0,90.2,90.8,93.2,95.0,95.4,95.3,97.9,100.5,99.6,98.5,98.4,98.1,97.1,96.2,96.2,97.3,97.8,99.9,100.6,99.2,98.9,99.9,100.1,99.6,99.5,100.3,99.5,97.5,92.8,91.3,-1.6
5200,'05.5.2,3,,"Handwerkzeuge, Kleinmaterial und Zubehör für Haus und Garten",,,,,0.413,66.3,66.6,68.3,70.7,73.7,74.0,74.5,76.6,79.0,81.8,85.3,86.7,88.2,89.7,91.2,91.9,92.9,93.7,94.3,93.9,94.4,94.8,95.4,96.9,98.0,99.3,100.7,100.0,100.1,98.5,98.0,-0.5
5201,,4,,,Handwerkzeuge für Haus und Garten,,,,0.072,68.5,68.8,70.5,73.0,76.1,76.4,77.0,79.0,81.5,84.4,88.1,89.5,91.0,92.6,94.1,94.8,95.9,96.8,96.3,93.8,93.5,94.3,94.9,94.2,95.3,98.6,101.3,100.7,100.4,99.5,99.2,-0.3
5210,,4,,,Kleinmaterial und Zubehör für Haus und Garten,,,,0.341,...,...,...,...,...,...,...,...,...,...,...,...,...,...,...,...,...,92.4,93.6,94.0,94.7,95.0,95.7,97.6,98.8,99.5,100.6,99.9,100.0,98.3,97.7,-0.6
5220,'05.6,3,Laufende Haushaltsführung,,,,,,0.874,77.5,78.3,79.4,80.7,81.2,81.0,82.5,85.4,87.9,90.4,91.4,91.0,92.5,93.0,92.5,93.4,94.5,96.0,97.9,99.4,100.1,100.0,99.7,98.7,98.6,99.6,100.1,99.7,98.6,98.2,97.9,-0.3
5221,'05.6.1,3,,Waren für die laufende Haushaltsführung,,,,,0.537,76.7,77.5,78.6,79.8,80.4,80.1,81.7,84.5,87.0,89.5,90.5,90.1,91.5,92.0,91.5,92.4,93.5,95.2,97.8,99.9,101.0,100.7,100.1,98.2,98.0,99.6,100.2,99.5,97.8,97.1,96.4,-0.7
5222,,4,,,Wasch- und Reinigungsmittel,,,,0.300,80.0,80.2,81.1,82.6,84.0,83.8,84.2,86.9,89.6,91.8,92.2,91.8,94.3,94.5,93.5,94.6,95.5,96.1,97.9,99.1,100.7,99.9,99.1,96.6,96.6,98.5,99.1,99.2,97.6,97.0,96.4,-0.6
5250,,4,,,Putzmaterial,,,,0.019,68.6,69.8,71.0,72.0,71.5,71.3,74.0,76.7,78.9,81.6,83.1,82.8,82.9,83.7,83.9,84.5,85.7,88.0,90.5,94.0,95.7,97.3,97.9,97.8,97.7,99.0,99.6,100.1,98.9,98.7,98.2,-0.5
5260,,4,,,Sonstiges Verbrauchsmaterial,,,,0.218,74.4,75.7,77.1,78.2,77.6,77.4,80.3,83.2,85.6,88.5,90.2,89.8,90.0,90.9,91.1,91.7,93.0,95.9,99.6,101.9,102.2,102.4,101.9,100.6,100.3,101.5,102.0,100.1,98.1,97.3,96.4,-0.9
5280,'05.6.2,4,,Dienstleistungen für Wohnungsreinigung,,,,,0.337,...,...,...,...,...,...,...,...,...,...,...,...,...,...,...,...,...,98.3,98.5,98.5,98.6,98.6,99.0,99.7,99.6,99.7,99.9,100.0,100.0,100.4,101.1,0.7
6,'06,2,Gesundheitspflege,,,,,,14.992,62.5,64.5,67.2,68.6,70.5,73.0,74.4,77.5,82.3,87.1,90.1,91.9,93.6,95.3,96.1,96.5,96.9,97.4,97.9,98.3,99.2,100.1,100.7,100.7,100.5,100.3,100.7,100.4,100.2,99.9,99.0,-0.9
6001,'06.1,3,Medizinische Erzeugnisse,,,,,,2.725,99.2,101.7,103.6,106.1,108.5,110.2,112.2,114.5,119.1,122.5,124.9,126.6,129.5,129.9,129.3,126.2,125.1,125.4,125.0,121.6,120.4,120.2,119.3,115.0,111.4,109.1,107.8,103.3,98.6,96.0,91.6,-4.7
6002,'06.1.1,4,,Medikamente,,,,,2.187,104.2,106.9,108.8,111.4,114.0,115.8,117.8,120.3,125.1,128.6,131.1,132.9,136.4,136.8,136.3,132.6,131.2,131.7,130.8,126.6,125.1,124.9,123.9,118.6,113.9,110.7,109.2,103.8,98.4,95.7,90.6,-5.3
6070,,4,,Sanitätsmaterial,,,,,0.046,...,...,...,...,...,...,...,...,...,...,...,...,...,...,...,...,...,...,...,...,...,...,...,99.8,100.0,100.4,100.0,100.1,99.0,98.3,98.3,0.0
6016,'06.1.2,4,,Medizinische Apparate und Geräte,,,,,0.492,...,...,...,...,...,...,...,...,...,...,100.0,101.3,102.0,102.1,101.4,100.5,100.8,100.4,101.8,102.2,102.0,101.7,101.4,100.8,101.3,102.2,101.7,101.1,99.4,97.5,95.3,-2.3
6030,'06.2,3,Ambulante Dienstleistungen,,,,,,6.361,71.1,72.4,74.4,75.9,77.4,79.6,80.7,83.7,87.7,91.5,93.5,93.9,94.3,94.8,95.1,95.4,95.4,95.8,96.5,96.9,97.5,97.9,98.2,98.8,98.7,98.9,99.4,99.9,100.4,100.6,100.8,0.1
6031,'06.2.1,4,,Ärztliche Leistungen,,,,,3.674,79.3,80.0,81.6,84.5,86.3,86.8,89.1,90.9,94.4,98.9,99.0,99.0,99.3,99.8,100.2,100.1,100.1,100.1,100.2,100.2,100.2,100.2,100.2,100.5,100.2,100.1,100.1,100.0,100.1,100.1,99.9,-0.2
6036,'06.2.2,4,,Zahnärztliche Leistungen,,,,,1.530,61.5,63.2,65.7,65.7,66.9,70.6,70.6,74.5,79.0,82.1,85.8,87.0,87.7,88.2,88.7,89.3,89.9,91.4,93.2,94.2,94.8,95.3,95.9,96.3,97.1,97.6,98.8,99.7,100.5,100.8,101.5,0.7
6051,'06.2.3,4,,Andere Gesundheitsleistungen,,,,,1.157,...,...,...,...,...,...,...,...,...,...,91.2,91.2,91.2,91.2,90.8,91.6,89.4,88.5,89.3,89.9,92.5,93.9,95.1,96.6,96.2,97.0,98.0,99.7,101.1,102.3,102.6,0.3
6059,'06.3,4,Spitalleistungen,,,,,,5.906,38.9,42.1,45.9,47.2,49.5,52.7,54.4,57.8,64.1,70.6,75.7,78.5,80.6,83.3,84.5,85.8,86.8,87.3,87.9,89.4,91.3,93.2,94.7,96.1,97.2,97.7,98.6,99.6,100.8,101.0,100.9,-0.1
7,'07,2,Verkehr,,,,,,11.600,60.3,61.2,63.8,62.3,62.9,64.0,67.7,71.0,73.5,77.1,81.5,82.9,84.2,84.3,85.0,84.2,85.8,88.9,88.9,88.6,88.9,90.2,93.3,95.9,96.9,100.4,97.1,99.4,100.5,98.3,97.4,-0.9
7001,,3,"Automobile, Motor- und Fahrräder",,,,,,9.181,62.6,63.6,66.3,63.1,63.5,64.4,68.2,72.3,75.7,78.3,83.5,85.1,85.1,85.1,85.8,84.7,86.2,90.1,89.5,88.3,89.0,91.0,93.9,96.8,98.3,101.4,97.4,99.7,100.5,97.3,95.2,-2.2
7002,'07.1,3,,"Kauf von Automobilen, Motor- und Fahrrädern",,,,,4.746,73.1,74.7,76.7,78.9,80.5,82.2,84.3,87.4,90.0,93.1,96.3,97.7,96.7,95.4,95.0,95.3,96.5,97.5,98.8,99.0,99.1,98.5,98.1,98.8,99.5,100.3,100.7,100.3,98.0,88.6,85.4,-3.6
7003,'07.1.1A,4,,,Neue Automobile,,,,3.276,70.4,72.1,73.9,76.0,77.5,79.2,80.8,83.4,85.6,88.3,91.3,92.8,91.9,90.6,90.4,90.7,91.9,93.0,94.2,95.1,95.5,95.6,95.8,96.7,97.6,98.3,99.2,99.7,97.6,87.5,85.2,-2.6
7035,'07.1.1B,4,,,Occasions-Automobile,,,,1.115,...,...,...,...,...,...,...,...,...,...,...,...,...,...,...,...,...,109.6,110.4,109.6,110.7,107.5,105.0,105.0,105.6,107.2,105.3,102.0,98.6,89.7,83.0,-7.5
7062,'07.1.2,4,,,Motorräder,,,,0.121,76.1,77.0,79.1,81.1,82.5,83.6,87.3,92.5,96.3,100.5,103.6,106.4,106.8,105.5,103.6,103.1,103.2,104.1,106.0,104.3,100.1,99.2,99.0,97.9,97.4,98.7,100.5,100.0,97.8,95.8,95.0,-0.8
7071,'07.1.3,4,,,Fahrräder,,,,0.234,64.0,65.4,67.9,71.1,73.5,76.4,80.0,85.6,90.6,95.0,99.3,99.1,96.6,95.6,94.3,94.6,96.3,97.5,100.7,99.5,98.4,97.7,98.1,98.3,98.2,98.2,100.4,100.5,100.0,94.0,94.6,0.6
7081,'07.2,3,,"Betrieb und Unterhalt von Automobilen, Motor- und Fahrrädern",,,,,4.435,55.3,56.0,58.9,53.4,53.2,53.8,58.2,62.6,66.1,68.5,74.3,75.9,76.5,77.0,78.3,76.5,78.1,83.4,81.7,79.8,80.9,84.8,90.5,95.5,97.7,102.7,94.4,99.1,102.7,105.6,104.5,-1.0
7082,'07.2.1,3,,,Ersatzteile und Zubehör,,,,0.298,79.6,79.9,83.0,84.9,85.7,86.2,87.9,90.0,94.3,99.4,103.5,104.2,104.8,103.7,100.8,98.7,98.4,95.7,97.1,97.5,97.2,96.4,96.9,98.5,100.0,101.7,102.2,100.7,98.4,94.2,92.1,-2.2
7083,,4,,,,Ersatzteile,,,0.074,...,...,...,...,...,...,...,...,...,...,85.0,85.9,85.4,85.0,83.4,83.3,84.4,85.6,87.7,88.3,88.5,88.1,89.2,91.0,92.9,95.6,97.4,99.4,100.0,92.7,94.5,1.9
7096,,4,,,,Pneus und Zubehör,,,0.224,91.1,90.9,95.2,97.7,98.4,98.7,100.7,104.1,109.2,117.6,122.0,121.0,123.7,122.5,119.4,114.7,112.1,108.2,108.3,107.3,105.7,103.7,102.0,101.6,102.4,103.3,103.4,101.1,97.9,94.4,91.2,-3.4
7105,,3,,,Treibstoff,,,,2.567,69.4,69.2,72.3,57.9,55.3,53.6,59.2,61.8,61.3,59.5,68.1,69.5,68.6,69.9,73.4,69.9,72.0,84.2,81.3,77.8,79.1,84.5,92.3,99.1,101.7,108.7,90.8,98.5,104.7,109.3,107.1,-2.0
7110,'07.2.2,4,,,,Benzin,,,1.919,...,...,...,...,...,...,...,...,...,...,...,...,...,...,...,...,...,...,...,...,...,...,...,98.9,101.6,107.7,90.9,98.8,104.6,109.3,107.1,-2.0
7111,,4,,,,Diesel,,,0.648,...,...,...,...,...,...,...,...,...,...,...,...,...,...,...,...,...,...,...,...,...,...,...,99.0,100.5,115.0,90.3,97.2,105.2,109.3,107.0,-2.1
7113,'07.2.3,4,,,Service- und Reparaturarbeiten für Motorfahrzeuge,,,,1.079,42.9,44.5,47.3,49.5,51.4,54.2,58.2,64.8,72.3,78.5,82.2,84.4,86.4,85.9,84.6,84.6,86.4,84.4,84.7,86.5,88.1,89.8,92.0,93.7,95.3,97.3,99.6,99.8,100.8,102.9,103.9,1.0
7128,,4,,,Service für Fahrräder,,,,0.039,...,...,...,...,...,...,...,...,...,...,...,...,...,...,...,...,...,...,...,...,...,...,...,...,...,...,...,...,100.8,102.5,105.3,2.8
7130,'07.2.4,4,,,Sonstige Dienstleistungen für Individualverkehr,,,,0.452,...,...,...,...,...,...,...,...,...,...,75.5,77.0,80.2,81.9,85.1,86.1,86.3,87.2,88.7,90.6,91.0,92.3,94.1,95.1,96.3,96.9,98.3,99.2,100.7,101.4,101.9,0.5
7200,'07.3,3,Transportdienstleistungen,,,,,,2.419,52.3,54.0,55.3,56.0,55.1,55.3,57.7,59.2,64.1,70.8,74.2,75.8,81.7,82.1,82.7,83.0,84.7,85.3,87.6,90.2,88.7,87.0,90.9,92.3,91.2,95.9,96.0,98.4,100.7,101.7,105.3,3.5
7201,'07.31/2,3,,Öffentliche Transportdienstleistungen auf Schiene und Strasse,,,,,1.732,51.3,52.9,54.2,54.9,54.0,54.2,56.6,58.0,62.9,69.4,72.8,74.2,80.0,80.3,80.9,81.2,83.0,83.0,83.3,86.1,87.4,87.7,91.5,91.6,92.1,94.6,94.9,95.7,100.3,101.6,106.4,4.7
7210,,4,,,Öffentlicher Verkehr: direkter Verkehr,,,,1.140,53.1,54.8,56.7,57.6,56.3,56.4,59.3,60.7,65.7,72.7,76.3,76.9,81.5,81.5,81.5,81.5,83.4,83.4,83.7,86.7,88.0,88.0,91.4,91.4,91.6,94.6,94.6,95.0,100.1,101.5,107.0,5.4
7220,,4,,,Öffentlicher Verkehr: Verkehrsverbunde,,,,0.592,49.9,51.6,51.1,51.1,51.2,51.6,52.8,54.6,59.3,64.8,67.9,70.1,77.2,78.1,79.3,79.9,81.6,81.6,82.1,84.2,85.6,86.6,91.4,91.9,93.0,94.7,95.5,96.8,100.7,101.9,105.1,3.1
7300,'07.3.3,4,,Luftverkehr,,,,,0.615,...,...,...,...,...,...,...,...,...,...,...,...,...,...,...,...,...,97.6,107.2,109.1,92.5,80.4,86.0,95.5,88.1,99.0,98.5,105.2,102.2,101.2,101.8,0.6
7320,'07.3.2,4,,Taxi,,,,,0.072,...,...,...,...,...,...,...,...,...,...,72.6,74.7,80.2,80.7,81.3,81.8,82.6,82.8,85.5,87.1,87.1,87.4,88.6,91.1,91.8,94.1,99.3,100.0,100.9,100.9,100.6,-0.2
8,'08,2,Nachrichtenübermittlung,,,,,,2.696,162.2,185.9,190.6,189.1,180.6,170.8,170.2,170.1,184.7,192.2,197.8,200.6,206.2,200.0,192.0,179.0,165.8,136.1,131.1,130.3,129.8,128.8,121.5,113.2,109.8,106.7,101.5,100.0,100.1,99.4,97.1,-2.3
8001,'08.1,4,Postdienste,,,,,,0.102,...,...,...,...,...,...,...,...,...,...,65.8,66.8,67.9,76.3,76.7,76.7,78.1,79.2,86.8,86.8,89.7,95.7,95.7,96.2,96.4,96.4,96.4,98.9,100.7,101.1,101.8,0.7
8006,'08.2,4,Telekomgeräte,,,,,,0.115,...,...,...,...,...,...,...,...,...,...,...,...,...,...,...,...,...,260.9,221.9,198.5,181.3,165.8,150.0,140.8,130.1,118.3,108.6,102.6,93.0,80.9,74.2,-8.2
8014,,3,Telekommunikation,,,,,,2.479,...,...,...,...,...,...,...,...,...,...,214.6,217.1,223.4,213.2,203.6,188.0,171.8,136.4,131.0,131.0,130.7,129.6,122.0,113.1,109.8,106.8,101.4,100.0,100.3,100.1,97.9,-2.2
8042,,4,,Festnetz-Kommunikation,,,,,1.109,...,...,...,...,...,...,...,...,...,...,...,...,...,...,...,...,...,...,...,...,...,...,...,106.7,104.7,100.0,99.1,99.9,99.3,98.5,98.8,0.3
8018,,4,,Mobilnetz-Kommunikation,,,,,1.370,...,...,...,...,...,...,...,...,...,...,...,...,...,...,...,...,...,...,...,...,...,...,...,120.8,115.8,114.6,104.2,100.0,101.1,101.4,97.3,-4.0
9,'09,2,Freizeit und Kultur,,,,,,10.201,76.5,78.3,81.0,83.4,84.6,86.0,88.3,91.2,96.4,100.1,103.4,103.4,103.4,103.0,103.1,104.0,104.5,104.5,104.6,104.5,104.5,104.0,103.4,103.2,102.7,103.3,102.7,100.5,97.2,94.5,94.5,0.0
9001,'09.1,3,"Geräte für Radio, TV, Fotografie und Datenverarbeitung",,,,,,1.237,341.2,342.1,347.5,348.1,341.7,334.1,334.0,339.7,348.6,350.6,352.3,334.4,314.2,292.3,276.2,265.5,256.8,249.4,236.4,218.2,198.2,185.6,172.0,162.7,148.5,131.1,114.7,103.5,91.9,82.5,76.7,-7.1
9002,'09.1.1,3,,Fernseh- und Audio-Videogeräte,,,,,0.449,345.3,336.4,332.5,325.2,312.2,301.7,300.5,302.5,297.6,294.5,293.8,286.2,274.2,258.8,246.2,238.1,229.6,216.8,204.1,194.3,181.5,169.1,154.9,144.9,136.8,126.7,111.9,102.6,91.4,81.4,73.3,-9.9
9003,,4,,,Fernsehgeräte,,,,0.302,548.0,527.7,516.2,498.2,474.4,450.3,443.0,445.3,437.4,428.5,424.7,408.1,385.9,361.2,341.0,324.4,308.4,281.1,253.7,233.8,212.8,195.2,175.7,163.8,151.6,137.0,115.0,102.6,89.9,79.6,70.5,-11.4
9013,,4,,,Audio-Video-Geräte,,,,0.147,...,...,...,...,...,...,...,...,...,...,...,...,...,...,...,...,...,...,...,...,...,...,...,125.2,120.0,114.2,106.7,102.7,94.4,85.0,78.9,-7.2
9029,'09.1.2,4,,"Foto-, Kino- und optische Geräte",,,,,0.102,381.8,382.2,385.6,394.9,387.6,365.0,362.4,361.0,347.4,340.7,337.2,334.7,324.7,304.2,290.0,283.6,275.7,280.8,267.4,241.3,216.6,191.6,173.7,162.8,148.0,131.4,115.2,105.5,91.5,77.6,71.4,-8.1
9046,'09.1.3,3,,Personalcomputer und Zubehör,,,,,0.505,1764.3,1685.6,1734.7,1667.4,1572.7,1510.3,1487.8,1485.2,1493.7,1463.9,1404.4,1164.1,930.4,736.9,614.9,521.1,447.0,420.2,391.9,340.3,284.9,259.3,231.3,215.8,188.9,153.8,125.7,105.7,88.6,77.9,71.2,-8.6
9048,,4,,,PC Hardware,,,,0.474,...,...,...,...,...,...,...,...,...,...,2014.0,1659.8,1287.3,990.2,800.8,657.7,549.8,505.3,453.0,376.0,311.0,280.9,248.3,229.4,198.8,159.5,128.3,106.2,87.9,76.5,69.6,-9.0
9064,,4,,,Software für Computer,,,,0.031,...,...,...,...,...,...,...,...,...,...,...,...,...,...,...,...,...,113.8,116.8,115.0,104.9,106.1,106.7,106.0,102.5,101.7,98.0,98.7,96.2,93.7,90.5,-3.4
9085,'09.1.4,4,,Speichermedien und Inhalte,,,,,0.154,144.0,148.5,156.2,157.8,157.5,152.3,150.6,154.6,157.7,158.2,159.8,155.2,151.9,146.8,142.5,139.9,139.0,138.2,133.5,129.3,124.1,121.6,118.7,117.1,110.6,105.4,102.7,101.0,98.9,94.8,95.3,0.5
9120,'09.1.5,4,,Reparatur und Installationen,,,,,0.027,47.9,50.4,52.0,54.7,55.7,58.3,60.2,62.5,72.4,76.1,79.2,80.9,81.8,81.7,81.0,81.2,82.4,82.7,83.3,83.3,87.9,92.3,93.2,94.1,96.6,98.2,98.9,99.5,100.4,100.9,101.1,0.2
9200,'09.2,4,Musikinstrumente,,,,,,0.118,...,...,...,...,...,...,...,...,...,...,...,...,...,...,...,...,...,92.0,92.9,92.7,92.5,91.7,91.6,92.8,94.7,95.9,99.1,100.3,97.8,92.3,90.9,-1.5
9210,'09.3,3,"Sonstige Freizeitartikel und -geräte, Gartenartikel und Heimtiere",,,,,,1.826,70.9,72.5,74.4,76.4,77.8,79.1,80.7,83.4,87.0,89.8,91.3,91.9,93.0,93.6,94.2,95.1,95.5,96.0,96.4,96.9,97.4,97.2,96.4,97.2,97.1,98.8,99.7,99.7,99.0,96.8,97.0,0.3
9211,'09.3.1,4,,Spiel- und Hobbywaren,,,,,0.352,72.4,74.3,76.4,78.5,79.7,81.1,82.8,86.5,89.5,92.3,95.0,95.0,94.6,96.0,97.9,100.0,101.0,101.6,102.3,102.3,101.2,99.2,96.3,95.2,93.4,96.8,99.9,99.5,96.5,91.8,90.5,-1.4
9230,'09.3.2,3,,Sportgeräte und Campingausrüstung,,,,,0.390,82.9,84.5,86.1,88.3,89.4,90.9,92.2,94.1,97.1,99.7,100.7,101.9,102.4,103.3,103.1,104.9,103.6,104.3,103.8,101.2,102.6,102.6,100.5,102.9,103.0,102.2,100.9,99.1,99.5,99.5,100.5,0.9
9231,,4,,,Wintersportartikel,,,,0.186,...,...,...,...,...,...,...,...,...,...,...,...,...,...,...,...,...,103.1,103.0,98.8,100.9,101.8,98.2,102.0,101.9,99.7,99.3,97.6,97.6,98.3,100.1,1.9
9250,,4,,,Sommer- und Ganzjahressportartikel,,,,0.204,...,...,...,...,...,...,...,...,...,...,...,...,...,...,...,...,...,106.8,105.5,104.2,104.6,103.8,103.8,103.7,104.0,104.4,102.3,100.7,101.5,100.4,99.7,-0.7
9300,'09.3.3,4,,Pflanzen,,,,,0.498,65.6,67.2,69.4,71.0,72.4,73.6,75.6,78.5,82.0,84.9,85.3,86.1,87.7,88.0,89.2,90.1,91.0,91.5,92.1,94.7,95.6,96.4,96.8,97.4,97.8,99.7,99.2,100.0,99.7,99.9,99.6,-0.3
9320,'09.3.4,4,,Heimtierartikel,,,,,0.325,71.0,72.4,74.5,76.8,78.7,80.2,81.8,84.3,89.7,93.0,95.2,95.2,96.7,97.0,96.2,95.4,95.5,95.6,95.6,96.3,96.4,96.3,96.4,97.5,97.1,98.4,99.8,100.2,97.9,90.4,91.9,1.6
9340,'09.3.5,4,,Tierärztliche Leistungen,,,,,0.261,...,...,...,...,...,...,...,...,...,...,...,...,...,...,...,...,...,82.3,84.5,85.5,87.2,88.0,89.3,91.4,93.1,95.4,97.6,99.7,102.1,103.2,104.1,0.9
9350,'09.4,3,Freizeit- und Kulturdienstleistungen,,,,,,2.788,49.0,50.7,52.0,53.8,55.9,57.8,59.3,61.3,66.6,70.5,75.5,77.5,80.6,82.4,83.6,84.3,85.2,87.2,88.7,89.9,92.5,93.4,94.4,95.2,96.3,97.6,98.7,99.6,100.3,101.4,102.4,1.0
9351,'09.4.1,3,,Sport- und Freizeitaktivitäten,,,,,0.779,45.3,46.9,48.0,49.3,52.3,53.3,53.8,55.2,60.0,63.6,71.7,75.0,79.9,82.1,82.6,83.1,84.6,86.4,88.2,89.1,90.7,92.3,94.0,94.7,95.4,97.1,98.3,99.2,100.5,102.0,103.5,1.5
9352,,4,,,Sportveranstaltungen,,,,0.051,44.4,47.5,50.7,53.4,53.7,54.8,55.3,57.0,60.9,62.8,64.6,66.8,69.8,71.7,72.0,72.0,74.6,77.8,82.5,84.0,86.2,89.3,93.1,94.2,95.6,96.7,95.8,98.3,99.9,100.7,103.1,2.4
9400,,4,,,Sporteinrichtungen,,,,0.510,41.3,42.4,43.1,44.2,48.9,49.8,50.1,50.9,56.0,59.1,71.2,75.4,80.9,84.0,85.1,85.9,87.0,89.1,90.5,90.8,91.9,93.6,95.3,96.5,97.1,98.7,99.6,99.8,100.6,102.1,103.5,1.4
9420,,4,,,Bergbahnen und Skilifte,,,,0.218,50.6,52.7,54.0,55.2,56.0,57.1,57.9,60.4,64.5,69.2,72.3,74.5,78.8,79.3,78.9,79.2,81.0,82.2,84.2,85.9,88.4,89.4,90.9,90.3,91.0,93.4,96.3,98.2,100.5,102.3,103.8,1.4
9435,'09.4.2,3,,Kultur- und andere Dienstleistungen,,,,,2.009,50.0,51.7,53.0,55.0,56.9,59.0,60.8,62.9,68.4,72.3,76.6,78.3,80.8,82.6,84.0,84.7,85.5,87.5,88.9,90.2,93.1,93.8,94.5,95.3,96.7,97.8,98.9,99.7,100.3,101.2,102.0,0.8
9436,,4,,,Kino,,,,0.112,56.9,58.2,60.7,61.9,62.7,64.4,66.5,69.2,71.5,74.8,77.0,79.4,85.5,87.2,87.0,86.7,87.5,87.9,89.7,91.4,92.5,93.8,94.0,94.3,95.7,96.2,97.6,98.7,100.4,100.8,102.0,1.1
9450,,4,,,Theater und Konzerte,,,,0.323,39.4,41.4,45.1,47.9,50.2,52.2,54.2,56.4,59.9,66.1,70.2,74.1,77.0,79.7,81.1,83.0,85.1,86.1,88.3,90.0,90.8,92.0,93.9,96.3,96.7,97.4,98.7,99.8,100.6,102.1,102.9,0.8
9465,,4,,,"Radio- und Fernsehempfangsgebühren, Fernsehabonnemente",,,,0.881,55.9,55.9,55.9,55.9,57.0,60.0,60.0,60.0,75.2,75.2,85.0,85.9,88.4,88.4,88.4,88.4,88.4,93.5,93.7,93.7,97.5,97.5,97.5,97.5,99.4,100.0,100.0,100.0,100.0,100.3,100.6,0.3
9475,,4,,,Fotolabor,,,,0.081,99.0,99.5,94.5,92.4,92.4,90.2,90.9,93.5,94.5,96.8,96.1,96.1,95.0,96.2,97.6,97.4,97.4,97.9,98.9,99.5,99.8,99.6,99.3,99.0,99.5,100.4,100.4,100.2,99.7,99.7,100.2,0.5
9490,,4,,,Freizeitkurse,,,,0.612,37.7,39.8,41.3,43.8,46.0,48.0,50.1,52.2,55.7,60.0,63.4,65.3,67.3,70.0,72.6,74.1,75.0,76.5,79.0,82.3,86.0,87.8,89.3,91.0,92.4,94.8,97.4,99.3,100.6,102.2,103.7,1.5
9500,'09.5,3,"Zeitungen, Bücher und Schreibwaren",,,,,,1.088,58.2,59.8,61.8,63.4,64.8,66.4,68.0,70.6,73.3,76.2,80.0,82.2,83.8,84.6,85.1,85.9,87.0,88.4,89.7,91.0,91.8,93.0,94.1,94.0,94.4,95.8,97.9,99.1,98.5,99.0,100.9,1.9
9501,'09.5.1,4,,Bücher und Broschüren,,,,,0.313,85.6,86.4,89.4,89.9,91.8,93.6,95.1,97.1,97.7,100.7,105.3,106.1,104.8,103.0,103.2,103.6,103.5,104.3,104.1,103.7,102.6,103.6,104.6,100.1,100.7,100.9,100.7,99.9,93.2,90.6,91.5,1.0
9525,'09.5.2,3,,Zeitungen und Zeitschriften,,,,,0.554,44.3,46.6,48.4,50.6,51.8,53.5,55.0,58.1,62.1,65.2,69.1,72.0,74.5,76.1,76.9,77.9,79.5,80.9,82.3,84.3,85.7,87.6,88.8,90.8,91.9,93.6,96.6,98.9,101.3,103.9,107.7,3.6
9526,,4,,,Einzelnummern,,,,0.090,...,...,...,...,...,...,...,...,...,...,68.2,71.0,72.7,74.0,74.4,75.1,77.1,78.7,80.4,82.7,84.3,86.0,87.0,89.0,90.7,93.4,96.4,98.8,101.4,103.4,107.1,3.6
9535,,4,,,Abonnemente,,,,0.464,...,...,...,...,...,...,...,...,...,...,70.0,72.4,75.1,76.9,77.8,78.9,80.3,81.7,83.0,84.8,86.1,88.1,89.4,91.3,92.2,93.7,96.6,98.9,101.2,104.1,107.9,3.6
9545,'09.5.3,4,,Sonstige Druckprodukte,,,,,0.089,...,...,...,...,...,...,...,...,...,...,...,...,...,...,...,...,...,96.3,96.1,97.2,99.0,98.3,98.9,99.7,94.1,95.2,97.0,97.4,99.9,98.6,97.0,-1.6
9555,'09.5.4,4,,Schreib- und Zeichenmaterial,,,,,0.132,62.5,63.4,64.7,66.3,67.8,69.2,71.7,75.0,78.3,80.8,82.7,82.7,84.7,85.5,85.2,85.1,85.6,86.5,89.0,90.4,90.8,90.9,91.3,91.0,92.0,94.7,98.4,99.7,100.1,100.3,100.4,0.1
9570,'09.6,4,Pauschalreisen,,,,,,3.144,66.1,67.9,72.1,75.7,75.6,77.0,80.5,83.8,89.6,92.9,94.8,93.3,89.8,88.2,89.3,92.4,93.7,90.3,90.7,92.2,93.5,93.0,93.7,95.4,98.7,104.3,105.7,101.3,94.6,89.5,90.9,1.6
10,'10,2,Erziehung und Unterricht,,,,,,0.863,42.5,44.8,46.5,49.3,51.8,54.1,56.4,58.8,62.7,67.5,71.4,73.6,75.8,78.8,81.7,83.4,84.5,85.8,86.7,87.8,89.5,90.9,91.9,93.3,94.8,96.3,97.8,98.9,100.3,102.0,103.8,1.7
10040,,4,Grundlegende Schul- und Berufsbildung,,,,,,0.258,...,...,...,...,...,...,...,...,...,...,...,...,...,...,...,...,...,...,...,...,...,...,...,92.2,94.1,95.8,97.6,99.3,100.3,102.5,104.2,1.7
10070,'10.4,4,Höhere Berufsbildung und Hochschulen,,,,,,0.495,...,...,...,...,...,...,...,...,...,...,...,...,...,...,...,...,...,...,...,...,...,...,...,95.2,95.9,96.5,97.6,98.4,100.2,101.4,103.3,1.9
10100,,4,Weiterbildungskurse,,,,,,0.110,42.0,44.2,45.9,48.7,51.2,53.4,55.7,58.1,61.9,66.7,70.5,72.7,74.8,77.9,80.7,82.4,83.4,84.7,85.8,87.9,90.7,91.5,91.4,92.7,94.5,96.4,98.2,99.4,100.5,102.2,103.2,1.0
11,'11,2,Restaurants und Hotels,,,,,,8.544,47.2,48.8,51.2,53.2,54.8,56.6,58.9,62.1,66.0,70.1,73.7,75.6,80.9,82.4,82.6,82.9,84.7,85.6,87.5,89.9,91.1,92.0,93.0,94.1,95.4,97.6,99.2,100.1,101.6,102.2,103.0,0.7
11001,'11.1,3,Gaststätten,,,,,,7.144,50.6,51.9,54.5,56.4,57.7,59.4,61.8,65.0,68.8,72.2,73.9,75.2,80.9,82.0,82.2,82.5,84.6,85.4,87.3,89.4,90.4,91.6,92.7,93.6,94.8,97.3,98.9,99.8,101.4,102.2,103.0,0.8
11002,'11.1.1,3,,Restaurants und Cafés,,,,,5.337,50.5,51.8,54.4,56.3,57.6,59.3,61.7,64.9,68.7,72.1,73.7,74.9,80.7,81.7,81.8,82.1,84.2,85.1,87.1,89.4,90.3,91.4,92.5,93.4,94.8,97.3,98.9,99.8,101.5,102.3,103.2,0.9
11003,,4,,,Mahlzeiten in Restaurants und Cafés,,,,3.263,51.4,53.0,55.6,57.7,59.1,61.0,63.5,66.5,69.9,73.2,74.6,75.8,81.6,82.6,82.8,83.0,85.0,86.0,88.1,90.1,91.1,92.0,92.9,93.8,95.1,97.4,99.0,99.8,101.5,102.4,103.4,0.9
11050,,3,,,Getränke in Gaststätten und Cafés,,,,2.074,49.1,49.9,52.4,53.9,55.0,56.4,58.8,62.3,66.8,70.5,72.4,73.5,79.3,80.2,80.5,81.0,83.2,83.8,85.7,88.5,89.3,90.6,91.9,92.9,94.3,97.2,98.9,99.8,101.5,102.1,103.0,0.8
11051,,3,,,,Alkoholische Getränke,,,1.034,50.4,50.4,52.4,53.5,54.5,56.1,58.3,61.7,66.7,70.7,72.7,73.8,79.1,80.1,80.4,80.9,83.0,83.6,85.6,88.1,88.8,90.0,91.2,92.1,93.8,96.7,98.5,99.6,101.5,102.3,103.1,0.9
11052,,4,,,,,Wein,,0.603,53.0,52.5,53.2,54.6,55.9,57.2,59.7,62.8,67.2,70.6,72.2,73.3,77.8,78.8,79.3,80.1,82.8,83.8,85.8,87.9,88.7,89.6,90.9,91.9,93.7,96.2,98.1,99.4,101.7,102.6,103.7,1.1
11070,,4,,,,,Bier,,0.328,46.7,47.1,50.1,50.8,51.4,53.3,54.9,58.5,64.2,68.6,70.9,72.0,78.1,79.2,79.3,79.7,81.8,82.7,84.8,87.9,88.4,90.1,91.2,91.8,93.4,97.2,99.1,100.0,101.2,101.7,102.1,0.4
11075,,4,,,,,Spirituosen und andere alkoholische Getränke,,0.103,54.1,54.6,57.0,58.4,59.6,61.3,64.3,68.0,72.8,77.5,79.6,80.6,86.8,87.7,87.7,87.7,88.2,87.1,89.0,90.8,91.6,92.5,93.6,94.8,95.9,98.3,99.2,99.9,101.4,101.7,102.6,0.9
11090,,3,,,,Alkoholfreie Getränke,,,1.040,47.5,49.2,52.2,54.3,55.5,56.6,59.3,62.8,66.7,70.1,71.8,73.1,79.5,80.3,80.4,80.9,83.3,83.9,85.8,88.9,89.7,91.1,92.5,93.6,94.8,97.7,99.2,99.9,101.4,102.0,102.9,0.8
11091,,4,,,,,Kaffee und Tee,,0.530,45.0,46.8,50.0,52.1,53.4,54.5,57.3,60.7,64.3,67.5,68.9,70.5,77.1,77.7,78.0,78.5,81.1,81.8,84.2,87.5,88.4,90.1,91.8,92.6,94.3,97.8,99.2,99.9,102.0,102.6,103.3,0.7
11103,,4,,,,,Mineralwasser und Süssgetränke,,0.479,51.3,52.4,54.6,56.2,57.1,58.1,60.5,63.9,68.5,72.0,74.4,75.4,81.8,82.7,82.8,83.1,85.5,86.0,87.4,90.4,91.1,92.0,93.3,94.6,95.3,97.7,99.3,99.9,100.8,101.4,102.4,1.0
11120,,4,,,,,Andere alkoholfreie Getränke,,0.031,...,...,...,...,...,...,...,...,...,...,74.9,75.5,80.9,81.4,81.6,82.2,84.1,84.3,86.0,88.6,90.0,91.1,92.0,92.3,94.0,97.4,99.3,100.1,101.0,102.0,102.8,0.9
11130,,4,,Mahlzeiten zum Mitnehmen,,,,,1.197,...,...,...,...,...,...,...,...,...,...,...,...,...,...,...,...,...,86.7,88.6,90.5,91.9,93.1,93.9,94.6,95.5,97.8,99.3,99.8,101.4,102.2,102.7,0.4
11150,'11.1.2,3,,"Personalrestaurants, Kantinen",,,,,0.610,...,...,...,...,...,...,...,...,...,...,75.1,76.5,81.2,83.3,83.6,84.6,86.1,86.8,87.0,88.1,89.5,91.9,93.0,93.6,94.3,95.7,98.2,99.5,100.5,101.2,102.0,0.8
11151,,4,,,Mahlzeiten in Personalrestaurants,,,,0.488,...,...,...,...,...,...,...,...,...,...,76.3,77.4,82.0,84.2,84.5,85.5,86.4,87.1,87.2,87.9,89.4,92.5,93.6,94.3,94.8,95.8,98.0,99.5,100.5,101.3,102.3,1.0
11160,,4,,,Getränke in Personalrestaurants,,,,0.122,...,...,...,...,...,...,...,...,...,...,72.2,74.1,79.1,81.0,81.2,82.3,84.9,85.9,86.2,87.9,89.2,90.1,91.1,91.4,92.6,95.2,98.6,99.5,100.3,100.6,101.0,0.4
11170,'11.2,3,Beherbergung,,,,,,1.400,42.7,44.6,46.7,49.0,51.1,53.0,55.1,58.3,62.5,67.5,74.0,78.6,82.2,86.0,86.0,85.7,86.7,87.1,89.6,93.3,95.3,95.0,94.9,97.9,98.4,100.6,101.6,102.2,102.6,102.4,102.8,0.4
11171,,4,,Hotellerie,,,,,1.067,40.0,42.1,44.7,47.5,50.5,53.3,56.3,60.3,65.8,71.3,75.9,80.1,83.8,87.8,87.9,87.4,88.3,88.3,91.2,95.1,97.2,96.7,96.4,99.6,99.8,102.5,102.9,103.1,102.8,102.3,102.2,-0.1
11190,,4,,Parahotellerie,,,,,0.333,44.8,46.5,48.1,49.7,50.8,51.9,52.9,55.3,58.0,62.5,69.7,74.4,77.6,80.5,80.3,81.0,82.2,84.0,85.5,87.4,89.1,90.0,90.7,91.7,93.5,95.7,98.3,99.6,101.9,102.7,104.4,1.7
12,'12,2,Sonstige Waren und Dienstleistungen,,,,,,5.547,63.4,64.4,65.9,67.2,68.4,69.4,71.2,73.9,77.3,81.0,82.9,84.0,86.1,86.6,86.9,87.5,88.6,89.3,91.0,93.4,94.8,95.8,96.7,97.6,97.6,98.4,98.9,100.2,100.4,100.5,101.1,0.6
12001,'12.1,3,Körperpflege,,,,,,2.021,64.0,65.1,66.6,67.9,69.1,70.2,71.9,74.7,78.1,81.8,83.8,85.1,87.9,88.4,88.8,89.3,90.8,91.6,93.8,95.9,97.1,97.7,98.2,98.5,98.6,99.9,100.4,100.7,99.2,97.5,96.9,-0.6
12003,'12.1.1,4,,Coiffeur- und Kosmetikleistungen,,,,,0.889,47.9,49.5,51.9,53.5,54.7,56.4,59.1,62.3,66.1,70.4,72.5,74.4,80.0,81.1,81.6,82.1,83.8,84.6,87.1,88.6,90.0,90.9,92.5,94.0,95.5,96.9,97.8,99.3,101.1,101.8,102.5,0.7
12021,'12.1.3,3,,Waren für die Körperpflege,,,,,1.132,79.6,79.9,80.3,81.3,82.3,82.6,83.2,85.3,88.2,90.9,92.7,93.5,93.8,93.8,94.1,94.6,95.9,96.7,98.8,101.2,102.3,102.7,102.4,101.8,101.1,102.3,102.3,101.8,97.7,94.1,92.6,-1.6
12022,,3,,,Toilettenartikel,,,,1.005,79.0,79.4,79.8,80.8,81.8,82.1,82.7,84.8,87.6,90.4,92.2,93.0,93.2,93.2,93.6,94.2,95.6,96.4,98.6,101.2,102.3,102.6,102.3,101.8,101.2,102.4,102.3,101.7,97.4,93.3,91.4,-2.1
12023,,4,,,,Seifen und Badezusätze,,,0.077,89.9,88.9,88.8,89.9,89.1,88.7,88.7,91.5,93.6,95.8,97.6,98.2,98.2,98.1,98.5,98.8,99.4,99.5,100.1,103.1,103.1,103.4,103.0,101.8,100.6,101.1,100.5,100.2,97.8,93.4,92.5,-1.0
12040,,4,,,,Haarpflegemittel,,,0.097,80.8,82.0,82.2,83.3,84.7,85.0,85.6,87.4,90.6,93.5,95.1,96.0,96.3,96.2,96.2,96.4,97.9,99.3,101.7,103.9,106.1,106.2,104.7,103.0,102.7,104.2,104.1,102.4,97.7,92.1,86.7,-5.9
12055,,4,,,,Zahnpflegemittel,,,0.065,92.2,92.1,92.5,92.6,94.6,95.9,96.5,98.0,101.2,104.8,105.9,106.5,106.2,105.1,105.0,104.7,106.5,105.2,104.8,106.1,109.5,109.4,108.5,107.6,106.4,105.0,104.4,101.9,98.4,95.8,93.9,-1.9
12070,,4,,,,Schönheitspflegemittel und Kosmetika,,,0.570,72.8,73.6,74.3,75.4,76.7,77.6,78.5,79.9,82.3,85.2,87.2,88.0,88.4,88.7,89.2,90.7,92.1,92.9,94.4,96.5,97.6,98.8,99.7,99.8,99.8,100.9,101.0,101.2,97.3,93.4,91.8,-1.7
12100,,4,,,,Papierwaren für die Körperpflege,,,0.196,75.8,75.6,76.1,77.9,78.4,78.0,78.4,81.8,85.6,88.5,91.0,92.1,92.2,93.2,94.2,95.7,97.0,99.0,103.1,106.4,106.3,105.5,104.9,104.4,102.8,104.9,104.7,103.3,96.9,92.7,91.5,-1.3
,,,,,,,,Sanitätsmaterial,,61.5,62.5,64.1,66.0,66.7,67.1,67.6,70.0,72.1,73.9,75.6,76.5,78.7,78.9,79.0,79.3,81.1,82.9,87.7,93.6,97.8,99.0,98.5,unter 6070,...,...,...,...,...,...,...,...
12129,,4,,,Geräte für die Körperpflege,,,,0.127,88.0,88.5,87.8,88.2,89.4,90.0,90.8,93.6,96.8,99.2,100.5,101.5,102.9,102.1,101.6,100.6,101.3,101.4,101.9,101.3,101.5,103.4,104.2,102.2,99.9,101.5,102.7,102.4,100.6,101.3,102.8,1.5
12160,'12.3,3,Persönliche Gebrauchsgegenstände,,,,,,0.720,...,...,...,...,...,...,...,...,...,...,88.3,88.8,89.2,89.7,90.1,90.9,91.0,91.6,93.1,93.6,93.7,93.3,94.0,94.4,95.4,98.0,99.2,99.7,100.3,100.1,99.0,-1.1
12161,'12.3.1,4,,Uhren,,,,,0.422,...,...,...,...,...,...,...,...,...,...,89.4,90.2,90.7,91.1,91.3,92.0,91.9,92.5,94.0,94.4,93.8,93.6,93.7,94.6,95.3,98.5,99.6,100.1,100.8,100.4,98.6,-1.8
12170,'12.3.2,4,,Reiseartikel und Accessoires,,,,,0.298,...,...,...,...,...,...,...,...,...,...,86.9,86.8,87.0,87.6,88.4,89.6,90.2,90.7,92.3,93.0,93.7,93.1,94.6,94.3,95.7,97.1,98.3,99.0,99.2,99.5,99.5,0.0
12190,'12.4,4,Soziale Einrichtungen,,,,,,0.439,...,...,...,...,...,...,...,...,...,...,...,...,...,...,...,...,...,84.0,84.0,85.9,86.3,87.7,89.4,89.9,92.6,95.4,96.4,99.7,101.7,105.3,106.1,0.8
12500,'12.5,3,Versicherungen,,,,,,1.804,...,...,...,...,...,...,...,...,...,...,...,...,...,...,...,...,...,88.6,90.0,93.0,95.0,97.4,98.8,100.8,99.1,97.7,97.7,100.0,101.2,101.8,103.0,1.1
12501,'12.5.2,4,,Hausratversicherung (inkl. Privathaftpflicht),,,,,0.306,...,...,...,...,...,...,...,...,...,...,...,...,...,...,...,...,...,97.0,97.5,97.5,97.9,100.7,101.8,104.3,104.4,100.7,100.8,100.0,99.7,100.2,101.2,1.0
12510,'12.5.3,4,,Private Krankenversicherung,,,,,0.842,...,...,...,...,...,...,...,...,...,...,...,...,...,...,...,...,...,78.9,82.4,85.6,86.3,87.4,88.2,90.8,91.2,92.2,93.9,100.0,104.8,105.8,107.5,1.6
12520,'12.5.4,4,,Motorfahrzeugversicherung,,,,,0.656,...,...,...,...,...,...,...,...,...,...,...,...,...,...,...,...,...,96.3,96.1,101.0,105.8,110.2,112.6,113.1,106.7,102.9,100.4,100.0,98.0,98.3,99.0,0.7
12531,'12.6,4,Finanzielle Dienstleistungen,,,,,,0.383,...,...,...,...,...,...,...,...,...,...,...,...,...,...,...,...,...,68.2,67.5,81.4,90.4,87.6,90.3,90.4,95.6,97.7,97.8,99.8,101.5,102.9,109.6,6.5
12541,'12.7,4,Sonstige Dienstleistungen,,,,,,0.180,...,...,...,...,...,...,...,...,...,...,...,...,...,...,...,...,...,88.3,89.7,92.0,92.7,95.4,96.1,97.2,98.0,97.9,98.3,99.6,101.3,106.2,107.9,1.5
,,,,,,,,,,,,,,,,,,,,,,,,,,,,,,,,,,,,,,,,,
Total,,,,,,,,,,,,,,,,,,,,,,,,,,,,,,,,,,,,,,,,,
,,,,,,,,,,,,,,,,,,,,,,,,,,,,,,,,,,,,,,,,,
100,,,Total,,,,,,100.000,62.6,64.5,66.7,67.2,68.2,69.4,71.6,75.5,79.9,83.2,85.9,86.6,88.2,88.9,89.4,89.4,90.1,91.5,92.4,93.0,93.6,94.3,95.5,96.5,97.2,99.5,99.0,99.7,100.0,99.3,99.1,-0.2
,,,,,,,,,,,,,,,,,,,,,,,,,,,,,,,,,,,,,,,,,
Hauptgruppen,,,,,,,,,,,,,,,,,,,,,,,,,,,,,,,,,,,,,,,,,
,,,,,,,,,,,,,,,,,,,,,,,,,,,,,,,,,,,,,,,,,
1,01,,Nahrungsmittel und alkoholfreie Getränke,,,,,,10.463,73.9,76.7,78.7,79.3,79.9,81.7,82.6,87.1,91.0,91.0,90.8,91.2,91.9,91.4,92.0,92.8,92.6,94.2,96.1,98.3,99.6,100.1,99.4,99.3,99.9,103.0,102.8,101.6,98.3,97.4,98.5,1.2
2,02,,Alkoholische Getränke und Tabak,,,,,,1.818,58.4,58.4,59.6,60.8,61.3,61.5,63.1,66.2,68.7,69.2,69.4,70.1,71.5,73.2,75.2,76.3,78.6,79.7,81.1,82.4,83.4,86.3,90.3,91.3,93.2,95.6,98.2,99.4,101.0,102.1,103.4,1.3
3,03,,Bekleidung und Schuhe,,,,,,3.788,68.1,70.1,72.8,75.3,76.9,78.2,80.0,83.1,86.4,89.6,91.7,92.0,92.5,92.5,92.8,93.5,94.1,94.4,89.5,87.4,87.1,84.8,84.7,86.3,86.5,90.0,92.1,93.2,94.5,88.9,85.6,-3.7
4,04,,Wohnen und Energie,,,,,,24.955,51.9,53.3,55.2,54.1,54.9,55.8,58.4,63.3,68.9,72.8,76.2,76.4,77.7,79.1,79.7,79.2,79.9,82.8,84.7,84.8,85.1,86.5,89.1,91.5,93.5,98.0,96.9,99.3,101.7,102.5,102.6,0.1
5,05,,Hausrat und laufende Haushaltsführung,,,,,,4.533,75.4,76.3,77.9,79.6,80.7,81.5,83.2,86.5,89.9,92.9,94.3,94.4,95.1,95.6,95.5,95.8,96.3,97.0,97.6,97.8,98.4,98.6,98.6,98.7,99.0,99.7,100.5,100.1,98.8,97.0,95.4,-1.6
6,06,,Gesundheitspflege,,,,,,14.992,62.5,64.5,67.2,68.6,70.5,73.0,74.4,77.5,82.3,87.1,90.1,91.9,93.6,95.3,96.1,96.5,96.9,97.4,97.9,98.3,99.2,100.1,100.7,100.7,100.5,100.3,100.7,100.4,100.2,99.9,99.0,-0.9
7,07,,Verkehr,,,,,,11.600,60.3,61.2,63.8,62.3,62.9,64.0,67.7,71.0,73.5,77.1,81.5,82.9,84.2,84.3,85.0,84.2,85.8,88.9,88.9,88.6,88.9,90.2,93.3,95.9,96.9,100.4,97.1,99.4,100.5,98.3,97.4,-0.9
8,08,,Nachrichtenübermittlung,,,,,,2.696,162.2,185.9,190.6,189.1,180.6,170.8,170.2,170.1,184.7,192.2,197.8,200.6,206.2,200.0,192.0,179.0,165.8,136.1,131.1,130.3,129.8,128.8,121.5,113.2,109.8,106.7,101.5,100.0,100.1,99.4,97.1,-2.3
9,09,,Freizeit und Kultur,,,,,,10.201,76.5,78.3,81.0,83.4,84.6,86.0,88.3,91.2,96.4,100.1,103.4,103.4,103.4,103.0,103.1,104.0,104.5,104.5,104.6,104.5,104.5,104.0,103.4,103.2,102.7,103.3,102.7,100.5,97.2,94.5,94.5,0.0
10,10,,Erziehung und Unterricht,,,,,,0.863,42.5,44.8,46.5,49.3,51.8,54.1,56.4,58.8,62.7,67.5,71.4,73.6,75.8,78.8,81.7,83.4,84.5,85.8,86.7,87.8,89.5,90.9,91.9,93.3,94.8,96.3,97.8,98.9,100.3,102.0,103.8,1.7
11,11,,Restaurants und Hotels,,,,,,8.544,47.2,48.8,51.2,53.2,54.8,56.6,58.9,62.1,66.0,70.1,73.7,75.6,80.9,82.4,82.6,82.9,84.7,85.6,87.5,89.9,91.1,92.0,93.0,94.1,95.4,97.6,99.2,100.1,101.6,102.2,103.0,0.7
12,12,,Sonstige Waren und Dienstleistungen,,,,,,5.547,63.4,64.4,65.9,67.2,68.4,69.4,71.2,73.9,77.3,81.0,82.9,84.0,86.1,86.6,86.9,87.5,88.6,89.3,91.0,93.4,94.8,95.8,96.7,97.6,97.6,98.4,98.9,100.2,100.4,100.5,101.1,0.6
,,,,,,,,,,,,,,,,,,,,,,,,,,,,,,,,,,,,,,,,,
Art der Güter,,,,,,,,,,,,,,,,,,,,,,,,,,,,,,,,,,,,,,,,,
,,,,,,,,,,,,,,,,,,,,,,,,,,,,,,,,,,,,,,,,,
101,,,Waren,,,,,,40.519,76.8,78.7,80.9,79.3,79.6,80.3,82.3,86.1,89.1,90.1,91.6,91.7,92.0,92.2,92.7,92.5,93.1,96.0,95.9,95.4,95.6,96.2,97.5,98.5,98.6,101.9,99.1,99.8,99.1,96.8,95.5,-1.4
,,,,,,,,,,,,,,,,,,,,,,,,,,,,,,,,,,,,,,,,,
111,,,,Nichtdauerhafte Waren,,,,,24.291,71.8,73.8,76.1,72.7,72.4,72.9,75.0,79.0,82.0,82.1,83.2,83.5,84.1,84.9,86.0,85.4,86.3,90.6,91.4,91.4,92.4,93.9,96.4,97.9,98.4,103.5,98.9,100.6,100.6,100.5,100.1,-0.4
112,,,,Semidauerhafte Waren,,,,,6.870,73.2,75.0,77.6,79.9,81.4,82.7,84.7,87.8,90.9,94.0,96.3,96.6,96.8,96.6,96.6,97.2,97.6,97.8,95.0,93.5,93.1,91.5,91.2,92.0,91.9,94.2,95.6,96.0,95.9,91.8,89.8,-2.2
113,,,,Dauerhafte Waren,,,,,9.358,101.2,102.2,103.4,104.9,106.2,107.3,108.8,111.5,113.7,116.5,118.5,118.1,116.6,114.9,113.8,113.4,113.5,113.7,113.2,111.6,110.0,108.6,107.1,106.6,105.6,104.5,102.8,100.9,97.4,90.8,87.3,-3.8
,,,,,,,,,,,,,,,,,,,,,,,,,,,,,,,,,,,,,,,,,
102,,,Dienstleistungen,,,,,,59.481,52.7,54.5,56.7,58.7,60.1,61.8,64.1,68.0,73.5,78.2,81.8,82.9,85.4,86.5,86.9,87.1,87.9,88.3,89.9,91.3,92.1,93.0,93.9,95.0,96.1,97.8,99.0,99.7,100.6,101.0,101.6,0.6
,,,,,,,,,,,,,,,,,,,,,,,,,,,,,,,,,,,,,,,,,
116,,,,Private Dienstleistungen,,,,,50.063,51.8,53.3,55.5,57.7,59.4,61.2,63.7,68.0,73.4,78.2,81.7,82.7,84.7,85.8,86.3,86.6,87.6,88.4,90.2,91.6,92.3,93.1,93.9,94.9,96.1,97.8,99.2,99.8,100.6,101.0,101.6,0.5
117,,,,Öffentliche Dienstleistungen,,,,,9.418,58.5,62.5,64.5,65.1,64.9,65.2,66.1,67.6,73.3,77.8,81.9,83.8,87.7,88.7,88.9,88.7,88.7,87.4,87.9,89.2,91.0,92.8,94.2,95.2,96.5,97.3,98.1,98.9,100.6,101.1,102.1,1.0
,,,,,,,,,,,,,,,,,,,,,,,,,,,,,,,,,,,,,,,,,
Herkunft der Güter,,,,,,,,,,,,,,,,,,,,,,,,,,,,,,,,,,,,,,,,,
,,,,,,,,,,,,,,,,,,,,,,,,,,,,,,,,,,,,,,,,,
118,,,Inland,,,,,,73.256,57.4,59.2,61.2,63.0,64.4,66.0,68.0,71.9,76.8,80.7,83.6,84.7,86.8,87.7,88.2,88.4,89.0,89.7,91.2,92.6,93.3,94.1,94.7,95.5,96.4,98.0,99.2,99.8,100.4,100.4,100.8,0.4
119,,,Ausland,,,,,,26.744,79.9,81.6,84.5,80.7,80.2,80.2,83.2,86.9,89.6,90.6,92.6,92.2,91.9,92.1,92.7,92.0,92.9,96.8,95.6,94.0,94.0,94.6,97.2,99.1,99.2,103.4,98.6,99.4,98.7,96.0,94.2,-1.9
,,,,,,,,,,,,,,,,,,,,,,,,,,,,,,,,,,,,,,,,,
Sondergliederungen,,,,,,,,,,,,,,,,,,,,,,,,,,,,,,,,,,,,,,,,,
,,,,,,,,,,,,,,,,,,,,,,,,,,,,,,,,,,,,,,,,,
101,,,Gesundheitspflege,,,,,,14.992,...,...,...,...,...,...,...,...,...,...,60.2,91.9,93.6,95.3,96.1,96.5,96.9,97.4,97.9,98.3,99.2,100.1,100.7,100.7,100.5,100.3,100.7,100.4,100.2,99.9,99.0,-0.9
102,,,Index ohne Gesundheitspflege,,,,,,85.008,...,...,...,...,...,...,...,...,...,...,56.9,85.7,87.2,87.8,88.3,88.2,89.0,90.5,91.4,92.1,92.6,93.3,94.5,95.7,96.6,99.4,98.8,99.6,99.9,99.2,99.1,-0.1
,,,,,,,,,,,,,,,,,,,,,,,,,,,,,,,,,,,,,,,,,
101,,,Saisonprodukte,,,,,,3.194,65.0,66.9,70.4,71.7,72.5,73.4,75.5,79.7,84.6,86.7,89.7,90.9,90.5,90.5,91.6,93.6,94.8,93.8,96.1,100.4,101.2,99.0,99.4,103.3,104.6,106.1,104.2,104.3,99.4,99.7,102.3,2.6
102,,,Index ohne Saisonprodukte,,,,,,96.806,62.5,64.3,66.5,66.9,67.9,69.2,71.4,75.2,79.6,82.9,85.7,86.5,88.1,88.9,89.3,89.2,89.9,91.4,92.3,92.8,93.3,94.2,95.3,96.3,96.9,99.3,98.9,99.6,100.0,99.3,98.9,-0.3
,,,,,,,,,,,,,,,,,,,,,,,,,,,,,,,,,,,,,,,,,
101,,,Wohnungsmiete,,,,,,17.968,49.0,50.2,51.8,53.8,55.4,57.0,59.1,64.2,70.5,75.4,79.3,79.8,80.6,81.7,82.1,82.2,82.7,84.0,86.4,87.3,87.5,88.6,89.8,91.6,93.7,95.9,98.3,99.4,100.8,101.4,101.8,0.4
102,,,Index ohne Wohnungsmiete,,,,,,82.032,66.5,68.5,70.9,70.9,71.7,72.9,75.1,78.6,82.4,85.1,87.5,88.3,90.1,90.7,91.2,91.2,91.9,93.4,93.9,94.4,95.1,95.7,96.8,97.6,98.0,100.4,99.2,99.8,99.8,98.8,98.4,-0.4
,,,,,,,,,,,,,,,,,,,,,,,,,,,,,,,,,,,,,,,,,
101,,,Erdölprodukte,,,,,,3.966,68.6,70.0,73.6,51.5,46.7,43.6,50.3,54.4,54.7,51.5,55.3,53.6,52.6,56.4,59.6,53.5,56.6,74.3,70.8,65.9,68.0,74.3,88.0,96.2,98.5,116.1,86.1,98.0,107.2,112.5,109.7,-2.5
102,,,Index ohne Erdölprodukte,,,,,,96.034,62.3,64.2,66.3,68.1,69.4,70.9,72.8,76.7,81.3,84.9,87.6,88.4,90.1,90.7,91.0,91.3,91.9,92.5,93.7,94.6,95.1,95.6,96.0,96.6,97.2,98.8,99.7,99.8,99.7,98.7,98.6,-0.1
,,,,,,,,,,,,,,,,,,,,,,,,,,,,,,,,,,,,,,,,,
101,,,Tabakwaren,,,,,,0.579,31.9,33.8,36.5,37.4,37.7,37.6,38.7,41.1,42.7,43.2,44.6,47.1,49.9,52.2,55.4,57.0,61.0,62.6,64.5,66.0,67.4,72.5,80.3,83.1,86.5,89.3,93.5,97.4,102.9,105.8,109.4,3.4
102,,,Index ohne Tabakwaren,,,,,,99.421,63.0,64.8,67.0,67.5,68.5,69.8,72.0,75.8,80.3,83.6,86.3,87.0,88.6,89.2,89.7,89.7,90.4,91.8,92.6,93.2,93.8,94.5,95.6,96.6,97.2,99.6,99.1,99.7,99.9,99.2,99.0,-0.2
,,,,,,,,,,,,,,,,,,,,,,,,,,,,,,,,,,,,,,,,,
101,,,Alkoholische Getränke,,,,,,2.273,64.4,63.8,64.8,66.1,66.9,67.9,70.0,73.6,77.7,80.0,80.6,80.9,84.0,85.0,85.5,86.1,87.6,88.1,89.7,91.5,92.1,93.1,94.1,94.3,95.5,98.0,99.7,100.1,100.7,101.0,101.5,0.4
104,,,Index ohne alkoholische Getränke,,,,,,97.727,62.6,64.5,66.7,67.2,68.2,69.5,71.7,75.6,80.0,83.2,86.0,86.8,88.3,89.0,89.5,89.5,90.2,91.6,92.5,93.0,93.6,94.4,95.5,96.5,97.2,99.6,99.0,99.7,99.9,99.2,99.0,-0.2
,,,,,,,,,,,,,,,,,,,,,,,,,,,,,,,,,,,,,,,,,
101,,,Bekleidung,,,,,,3.788,...,...,...,...,...,...,...,...,...,...,...,...,...,...,...,...,...,94.3,89.5,87.4,87.1,84.8,84.7,86.3,86.5,90.0,92.1,93.2,94.5,88.9,85.6,-3.7
102,,,Index ohne Bekleidung,,,,,,96.212,...,...,...,...,...,...,...,...,...,...,...,...,...,...,...,...,...,91.5,92.5,93.3,93.9,94.8,96.0,96.9,97.7,100.0,99.4,100.0,100.2,99.7,99.6,-0.1
,,,,,,,,,,,,,,,,,,,,,,,,,,,,,,,,,,,,,,,,,
100,,,Administrierte Preise,,,,,,22.439,...,...,...,...,...,...,...,...,...,...,...,...,...,...,...,...,...,...,...,...,...,...,...,97.6,97.7,98.5,99.2,99.7,100.7,100.7,100.6,-0.1
110,,,Index ohne administrierte Preise,,,,,,77.561,...,...,...,...,...,...,...,...,...,...,...,...,...,...,...,...,...,...,...,...,...,...,...,96.1,97.0,99.8,99.0,99.7,99.7,98.9,98.6,-0.2
,,,,,,,,,,,,,,,,,,,,,,,,,,,,,,,,,,,,,,,,,
103,,,Kerninflation 1,,,,,,88.655,...,...,...,...,...,...,...,...,...,...,...,...,...,...,...,...,...,92.9,93.8,94.6,95.2,95.7,96.2,96.6,97.2,98.7,99.5,99.7,99.6,98.6,98.3,-0.2
,,,,,,,,,,,,,,,,,,,,,,,,,,,,,,,,,,,,,,,,,
302,,,Kerninflation 2,,,,,,68.641,...,...,...,...,...,...,...,...,...,...,...,...,...,...,...,...,...,92.6,93.6,94.4,94.7,95.1,95.4,95.9,96.6,98.5,99.5,99.6,99.3,98.0,97.7,-0.3
,,,,,,,,,,,,,,,,,,,,,,,,,,,,,,,,,,,,,,,,,
101,,,Frische und saisonale Produkte,,,,,,4.832,...,...,...,...,...,...,...,...,...,...,...,...,...,...,...,...,...,90.9,94.1,98.1,99.3,98.4,98.4,101.4,103.0,105.4,103.9,103.2,99.3,99.4,101.8,2.5
102,,,Energie und Treibstoffe,,,,,,6.513,...,...,...,...,...,...,...,...,...,...,...,...,...,...,...,...,...,80.3,77.4,73.6,74.6,78.0,86.1,92.3,94.0,106.1,90.0,98.4,105.3,107.8,105.9,-1.7
,,,,,,,,,,,,,,,,,,,,,,,,,,,,,,,,,,,,,,,,,
"© Bundesamt für Statistik, Espace de l'Europe 10, CH-2010 Neuchâtel",,,,,,,,,,,,,,,,,,,,,,,,,,,,,,,,,,,,,,,,,
"Auskunft: LIK@bfs.admin.ch, 032 / 713 69 00",,,,,,,,,,,,,,,,,,,,,,,,,,,,,,,,,,,,,,,,,
http://www.statistik.admin.ch,,,,,,,,,,,,,,,,,,,,,,,,,,,,,,,,,,,,,,,,,